ObjectId,Country,ISO2,ISO3,Indicator,Unit,Source,CTS_Code,CTS_Name,CTS_Full_Descriptor,Measure,Date,Value
51,World,,WLD,Change in mean sea level: Sea level: TOPEX.Poseidon,Millimeters,National Oceanic and Atmospheric Administration (NOAA). 2020. Sea Level Rise. Laboratory for Satellite Altimetry. https://www.star.nesdis.noaa.gov/socd/lsa/SeaLevelRise/LSA_SLR_timeseries.php. Accessed on 2022-12-08.,ECCL,Change in Mean Sea Level,"Environment, Climate Change, Climate Indicators, Change in Mean Sea Level",Baltic Sea,D01/04/1993,0.029500000000000002
52,World,,WLD,Change in mean sea level: Sea level: TOPEX.Poseidon,Millimeters,National Oceanic and Atmospheric Administration (NOAA). 2020. Sea Level Rise. Laboratory for Satellite Altimetry. https://www.star.nesdis.noaa.gov/socd/lsa/SeaLevelRise/LSA_SLR_timeseries.php. Accessed on 2022-12-08.,ECCL,Change in Mean Sea Level,"Environment, Climate Change, Climate Indicators, Change in Mean Sea Level",South China,D01/04/1993,0.2045
72,World,,WLD,Change in mean sea level: Sea level: TOPEX.Poseidon,Millimeters,National Oceanic and Atmospheric Administration (NOAA). 2020. Sea Level Rise. Laboratory for Satellite Altimetry. https://www.star.nesdis.noaa.gov/socd/lsa/SeaLevelRise/LSA_SLR_timeseries.php. Accessed on 2022-12-08.,ECCL,Change in Mean Sea Level,"Environment, Climate Change, Climate Indicators, Change in Mean Sea Level",World,D01/05/1993,0.35000000000000003
71,World,,WLD,Change in mean sea level: Sea level: TOPEX.Poseidon,Millimeters,National Oceanic and Atmospheric Administration (NOAA). 2020. Sea Level Rise. Laboratory for Satellite Altimetry. https://www.star.nesdis.noaa.gov/socd/lsa/SeaLevelRise/LSA_SLR_timeseries.php. Accessed on 2022-12-08.,ECCL,Change in Mean Sea Level,"Environment, Climate Change, Climate Indicators, Change in Mean Sea Level",Tropics,D01/05/1993,0.5454
70,World,,WLD,Change in mean sea level: Sea level: TOPEX.Poseidon,Millimeters,National Oceanic and Atmospheric Administration (NOAA). 2020. Sea Level Rise. Laboratory for Satellite Altimetry. https://www.star.nesdis.noaa.gov/socd/lsa/SeaLevelRise/LSA_SLR_timeseries.php. Accessed on 2022-12-08.,ECCL,Change in Mean Sea Level,"Environment, Climate Change, Climate Indicators, Change in Mean Sea Level",Southern Ocean,D01/05/1993,0.5967
69,World,,WLD,Change in mean sea level: Sea level: TOPEX.Poseidon,Millimeters,National Oceanic and Atmospheric Administration (NOAA). 2020. Sea Level Rise. Laboratory for Satellite Altimetry. https://www.star.nesdis.noaa.gov/socd/lsa/SeaLevelRise/LSA_SLR_timeseries.php. Accessed on 2022-12-08.,ECCL,Change in Mean Sea Level,"Environment, Climate Change, Climate Indicators, Change in Mean Sea Level",Sea Okhotsk,D01/05/1993,1.0076
68,World,,WLD,Change in mean sea level: Sea level: TOPEX.Poseidon,Millimeters,National Oceanic and Atmospheric Administration (NOAA). 2020. Sea Level Rise. Laboratory for Satellite Altimetry. https://www.star.nesdis.noaa.gov/socd/lsa/SeaLevelRise/LSA_SLR_timeseries.php. Accessed on 2022-12-08.,ECCL,Change in Mean Sea Level,"Environment, Climate Change, Climate Indicators, Change in Mean Sea Level",Sea Japan,D01/05/1993,1.0501
67,World,,WLD,Change in mean sea level: Sea level: TOPEX.Poseidon,Millimeters,National Oceanic and Atmospheric Administration (NOAA). 2020. Sea Level Rise. Laboratory for Satellite Altimetry. https://www.star.nesdis.noaa.gov/socd/lsa/SeaLevelRise/LSA_SLR_timeseries.php. Accessed on 2022-12-08.,ECCL,Change in Mean Sea Level,"Environment, Climate Change, Climate Indicators, Change in Mean Sea Level",Pacific Ocean,D01/05/1993,1.2929000000000002
66,World,,WLD,Change in mean sea level: Sea level: TOPEX.Poseidon,Millimeters,National Oceanic and Atmospheric Administration (NOAA). 2020. Sea Level Rise. Laboratory for Satellite Altimetry. https://www.star.nesdis.noaa.gov/socd/lsa/SeaLevelRise/LSA_SLR_timeseries.php. Accessed on 2022-12-08.,ECCL,Change in Mean Sea Level,"Environment, Climate Change, Climate Indicators, Change in Mean Sea Level",North Sea,D01/05/1993,2.0610000000000004
65,World,,WLD,Change in mean sea level: Sea level: TOPEX.Poseidon,Millimeters,National Oceanic and Atmospheric Administration (NOAA). 2020. Sea Level Rise. Laboratory for Satellite Altimetry. https://www.star.nesdis.noaa.gov/socd/lsa/SeaLevelRise/LSA_SLR_timeseries.php. Accessed on 2022-12-08.,ECCL,Change in Mean Sea Level,"Environment, Climate Change, Climate Indicators, Change in Mean Sea Level",North Pacific,D01/05/1993,2.2281000000000004
56,World,,WLD,Change in mean sea level: Sea level: TOPEX.Poseidon,Millimeters,National Oceanic and Atmospheric Administration (NOAA). 2020. Sea Level Rise. Laboratory for Satellite Altimetry. https://www.star.nesdis.noaa.gov/socd/lsa/SeaLevelRise/LSA_SLR_timeseries.php. Accessed on 2022-12-08.,ECCL,Change in Mean Sea Level,"Environment, Climate Change, Climate Indicators, Change in Mean Sea Level",Bay Bengal,D01/05/1993,2.5138000000000003
55,World,,WLD,Change in mean sea level: Sea level: TOPEX.Poseidon,Millimeters,National Oceanic and Atmospheric Administration (NOAA). 2020. Sea Level Rise. Laboratory for Satellite Altimetry. https://www.star.nesdis.noaa.gov/socd/lsa/SeaLevelRise/LSA_SLR_timeseries.php. Accessed on 2022-12-08.,ECCL,Change in Mean Sea Level,"Environment, Climate Change, Climate Indicators, Change in Mean Sea Level",Atlantic Ocean,D01/05/1993,2.6369000000000002
62,World,,WLD,Change in mean sea level: Sea level: TOPEX.Poseidon,Millimeters,National Oceanic and Atmospheric Administration (NOAA). 2020. Sea Level Rise. Laboratory for Satellite Altimetry. https://www.star.nesdis.noaa.gov/socd/lsa/SeaLevelRise/LSA_SLR_timeseries.php. Accessed on 2022-12-08.,ECCL,Change in Mean Sea Level,"Environment, Climate Change, Climate Indicators, Change in Mean Sea Level",Mediterranean,D01/05/1993,3.4726999999999997
61,World,,WLD,Change in mean sea level: Sea level: TOPEX.Poseidon,Millimeters,National Oceanic and Atmospheric Administration (NOAA). 2020. Sea Level Rise. Laboratory for Satellite Altimetry. https://www.star.nesdis.noaa.gov/socd/lsa/SeaLevelRise/LSA_SLR_timeseries.php. Accessed on 2022-12-08.,ECCL,Change in Mean Sea Level,"Environment, Climate Change, Climate Indicators, Change in Mean Sea Level",Indonesian,D01/05/1993,3.5435999999999996
60,World,,WLD,Change in mean sea level: Sea level: TOPEX.Poseidon,Millimeters,National Oceanic and Atmospheric Administration (NOAA). 2020. Sea Level Rise. Laboratory for Satellite Altimetry. https://www.star.nesdis.noaa.gov/socd/lsa/SeaLevelRise/LSA_SLR_timeseries.php. Accessed on 2022-12-08.,ECCL,Change in Mean Sea Level,"Environment, Climate Change, Climate Indicators, Change in Mean Sea Level",Indian Ocean,D01/05/1993,3.6022999999999996
59,World,,WLD,Change in mean sea level: Sea level: TOPEX.Poseidon,Millimeters,National Oceanic and Atmospheric Administration (NOAA). 2020. Sea Level Rise. Laboratory for Satellite Altimetry. https://www.star.nesdis.noaa.gov/socd/lsa/SeaLevelRise/LSA_SLR_timeseries.php. Accessed on 2022-12-08.,ECCL,Change in Mean Sea Level,"Environment, Climate Change, Climate Indicators, Change in Mean Sea Level",Gulf Mexico,D01/05/1993,3.8598
58,World,,WLD,Change in mean sea level: Sea level: TOPEX.Poseidon,Millimeters,National Oceanic and Atmospheric Administration (NOAA). 2020. Sea Level Rise. Laboratory for Satellite Altimetry. https://www.star.nesdis.noaa.gov/socd/lsa/SeaLevelRise/LSA_SLR_timeseries.php. Accessed on 2022-12-08.,ECCL,Change in Mean Sea Level,"Environment, Climate Change, Climate Indicators, Change in Mean Sea Level",Caribbean Sea,D01/05/1993,4.010599999999999
57,World,,WLD,Change in mean sea level: Sea level: TOPEX.Poseidon,Millimeters,National Oceanic and Atmospheric Administration (NOAA). 2020. Sea Level Rise. Laboratory for Satellite Altimetry. https://www.star.nesdis.noaa.gov/socd/lsa/SeaLevelRise/LSA_SLR_timeseries.php. Accessed on 2022-12-08.,ECCL,Change in Mean Sea Level,"Environment, Climate Change, Climate Indicators, Change in Mean Sea Level",Bering Sea,D01/05/1993,4.169099999999999
54,World,,WLD,Change in mean sea level: Sea level: TOPEX.Poseidon,Millimeters,National Oceanic and Atmospheric Administration (NOAA). 2020. Sea Level Rise. Laboratory for Satellite Altimetry. https://www.star.nesdis.noaa.gov/socd/lsa/SeaLevelRise/LSA_SLR_timeseries.php. Accessed on 2022-12-08.,ECCL,Change in Mean Sea Level,"Environment, Climate Change, Climate Indicators, Change in Mean Sea Level",Arabian Sea,D01/05/1993,4.4905
53,World,,WLD,Change in mean sea level: Sea level: TOPEX.Poseidon,Millimeters,National Oceanic and Atmospheric Administration (NOAA). 2020. Sea Level Rise. Laboratory for Satellite Altimetry. https://www.star.nesdis.noaa.gov/socd/lsa/SeaLevelRise/LSA_SLR_timeseries.php. Accessed on 2022-12-08.,ECCL,Change in Mean Sea Level,"Environment, Climate Change, Climate Indicators, Change in Mean Sea Level",Andaman Sea,D01/05/1993,5.280899999999999
63,World,,WLD,Change in mean sea level: Sea level: TOPEX.Poseidon,Millimeters,National Oceanic and Atmospheric Administration (NOAA). 2020. Sea Level Rise. Laboratory for Satellite Altimetry. https://www.star.nesdis.noaa.gov/socd/lsa/SeaLevelRise/LSA_SLR_timeseries.php. Accessed on 2022-12-08.,ECCL,Change in Mean Sea Level,"Environment, Climate Change, Climate Indicators, Change in Mean Sea Level",Nino,D01/05/1993,5.324199999999999
64,World,,WLD,Change in mean sea level: Sea level: TOPEX.Poseidon,Millimeters,National Oceanic and Atmospheric Administration (NOAA). 2020. Sea Level Rise. Laboratory for Satellite Altimetry. https://www.star.nesdis.noaa.gov/socd/lsa/SeaLevelRise/LSA_SLR_timeseries.php. Accessed on 2022-12-08.,ECCL,Change in Mean Sea Level,"Environment, Climate Change, Climate Indicators, Change in Mean Sea Level",North Atlantic,D01/05/1993,5.4875
73,World,,WLD,Change in mean sea level: Sea level: TOPEX.Poseidon,Millimeters,National Oceanic and Atmospheric Administration (NOAA). 2020. Sea Level Rise. Laboratory for Satellite Altimetry. https://www.star.nesdis.noaa.gov/socd/lsa/SeaLevelRise/LSA_SLR_timeseries.php. Accessed on 2022-12-08.,ECCL,Change in Mean Sea Level,"Environment, Climate Change, Climate Indicators, Change in Mean Sea Level",Adriatic Sea,D01/06/1993,6.2776
74,World,,WLD,Change in mean sea level: Sea level: TOPEX.Poseidon,Millimeters,National Oceanic and Atmospheric Administration (NOAA). 2020. Sea Level Rise. Laboratory for Satellite Altimetry. https://www.star.nesdis.noaa.gov/socd/lsa/SeaLevelRise/LSA_SLR_timeseries.php. Accessed on 2022-12-08.,ECCL,Change in Mean Sea Level,"Environment, Climate Change, Climate Indicators, Change in Mean Sea Level",Persian Gulf,D01/06/1993,7.1009
75,World,,WLD,Change in mean sea level: Sea level: TOPEX.Poseidon,Millimeters,National Oceanic and Atmospheric Administration (NOAA). 2020. Sea Level Rise. Laboratory for Satellite Altimetry. https://www.star.nesdis.noaa.gov/socd/lsa/SeaLevelRise/LSA_SLR_timeseries.php. Accessed on 2022-12-08.,ECCL,Change in Mean Sea Level,"Environment, Climate Change, Climate Indicators, Change in Mean Sea Level",Yellow Sea,D01/06/1993,7.476
76,World,,WLD,Change in mean sea level: Sea level: TOPEX.Poseidon,Millimeters,National Oceanic and Atmospheric Administration (NOAA). 2020. Sea Level Rise. Laboratory for Satellite Altimetry. https://www.star.nesdis.noaa.gov/socd/lsa/SeaLevelRise/LSA_SLR_timeseries.php. Accessed on 2022-12-08.,ECCL,Change in Mean Sea Level,"Environment, Climate Change, Climate Indicators, Change in Mean Sea Level",South China,D01/14/1993,7.556
78,World,,WLD,Change in mean sea level: Sea level: TOPEX.Poseidon,Millimeters,National Oceanic and Atmospheric Administration (NOAA). 2020. Sea Level Rise. Laboratory for Satellite Altimetry. https://www.star.nesdis.noaa.gov/socd/lsa/SeaLevelRise/LSA_SLR_timeseries.php. Accessed on 2022-12-08.,ECCL,Change in Mean Sea Level,"Environment, Climate Change, Climate Indicators, Change in Mean Sea Level",Baltic Sea,D01/15/1993,7.5825000000000005
95,World,,WLD,Change in mean sea level: Sea level: TOPEX.Poseidon,Millimeters,National Oceanic and Atmospheric Administration (NOAA). 2020. Sea Level Rise. Laboratory for Satellite Altimetry. https://www.star.nesdis.noaa.gov/socd/lsa/SeaLevelRise/LSA_SLR_timeseries.php. Accessed on 2022-12-08.,ECCL,Change in Mean Sea Level,"Environment, Climate Change, Climate Indicators, Change in Mean Sea Level",Yellow Sea,D01/15/1993,8.1686
94,World,,WLD,Change in mean sea level: Sea level: TOPEX.Poseidon,Millimeters,National Oceanic and Atmospheric Administration (NOAA). 2020. Sea Level Rise. Laboratory for Satellite Altimetry. https://www.star.nesdis.noaa.gov/socd/lsa/SeaLevelRise/LSA_SLR_timeseries.php. Accessed on 2022-12-08.,ECCL,Change in Mean Sea Level,"Environment, Climate Change, Climate Indicators, Change in Mean Sea Level",World,D01/15/1993,8.3641
93,World,,WLD,Change in mean sea level: Sea level: TOPEX.Poseidon,Millimeters,National Oceanic and Atmospheric Administration (NOAA). 2020. Sea Level Rise. Laboratory for Satellite Altimetry. https://www.star.nesdis.noaa.gov/socd/lsa/SeaLevelRise/LSA_SLR_timeseries.php. Accessed on 2022-12-08.,ECCL,Change in Mean Sea Level,"Environment, Climate Change, Climate Indicators, Change in Mean Sea Level",Tropics,D01/15/1993,8.5915
92,World,,WLD,Change in mean sea level: Sea level: TOPEX.Poseidon,Millimeters,National Oceanic and Atmospheric Administration (NOAA). 2020. Sea Level Rise. Laboratory for Satellite Altimetry. https://www.star.nesdis.noaa.gov/socd/lsa/SeaLevelRise/LSA_SLR_timeseries.php. Accessed on 2022-12-08.,ECCL,Change in Mean Sea Level,"Environment, Climate Change, Climate Indicators, Change in Mean Sea Level",Southern Ocean,D01/15/1993,8.6948
91,World,,WLD,Change in mean sea level: Sea level: TOPEX.Poseidon,Millimeters,National Oceanic and Atmospheric Administration (NOAA). 2020. Sea Level Rise. Laboratory for Satellite Altimetry. https://www.star.nesdis.noaa.gov/socd/lsa/SeaLevelRise/LSA_SLR_timeseries.php. Accessed on 2022-12-08.,ECCL,Change in Mean Sea Level,"Environment, Climate Change, Climate Indicators, Change in Mean Sea Level",Sea Okhotsk,D01/15/1993,9.0097
90,World,,WLD,Change in mean sea level: Sea level: TOPEX.Poseidon,Millimeters,National Oceanic and Atmospheric Administration (NOAA). 2020. Sea Level Rise. Laboratory for Satellite Altimetry. https://www.star.nesdis.noaa.gov/socd/lsa/SeaLevelRise/LSA_SLR_timeseries.php. Accessed on 2022-12-08.,ECCL,Change in Mean Sea Level,"Environment, Climate Change, Climate Indicators, Change in Mean Sea Level",Sea Japan,D01/15/1993,9.0252
89,World,,WLD,Change in mean sea level: Sea level: TOPEX.Poseidon,Millimeters,National Oceanic and Atmospheric Administration (NOAA). 2020. Sea Level Rise. Laboratory for Satellite Altimetry. https://www.star.nesdis.noaa.gov/socd/lsa/SeaLevelRise/LSA_SLR_timeseries.php. Accessed on 2022-12-08.,ECCL,Change in Mean Sea Level,"Environment, Climate Change, Climate Indicators, Change in Mean Sea Level",Persian Gulf,D01/15/1993,9.5539
88,World,,WLD,Change in mean sea level: Sea level: TOPEX.Poseidon,Millimeters,National Oceanic and Atmospheric Administration (NOAA). 2020. Sea Level Rise. Laboratory for Satellite Altimetry. https://www.star.nesdis.noaa.gov/socd/lsa/SeaLevelRise/LSA_SLR_timeseries.php. Accessed on 2022-12-08.,ECCL,Change in Mean Sea Level,"Environment, Climate Change, Climate Indicators, Change in Mean Sea Level",Pacific Ocean,D01/15/1993,9.8857
87,World,,WLD,Change in mean sea level: Sea level: TOPEX.Poseidon,Millimeters,National Oceanic and Atmospheric Administration (NOAA). 2020. Sea Level Rise. Laboratory for Satellite Altimetry. https://www.star.nesdis.noaa.gov/socd/lsa/SeaLevelRise/LSA_SLR_timeseries.php. Accessed on 2022-12-08.,ECCL,Change in Mean Sea Level,"Environment, Climate Change, Climate Indicators, Change in Mean Sea Level",North Sea,D01/15/1993,12.1828
85,World,,WLD,Change in mean sea level: Sea level: TOPEX.Poseidon,Millimeters,National Oceanic and Atmospheric Administration (NOAA). 2020. Sea Level Rise. Laboratory for Satellite Altimetry. https://www.star.nesdis.noaa.gov/socd/lsa/SeaLevelRise/LSA_SLR_timeseries.php. Accessed on 2022-12-08.,ECCL,Change in Mean Sea Level,"Environment, Climate Change, Climate Indicators, Change in Mean Sea Level",Nino,D01/15/1993,12.2531
84,World,,WLD,Change in mean sea level: Sea level: TOPEX.Poseidon,Millimeters,National Oceanic and Atmospheric Administration (NOAA). 2020. Sea Level Rise. Laboratory for Satellite Altimetry. https://www.star.nesdis.noaa.gov/socd/lsa/SeaLevelRise/LSA_SLR_timeseries.php. Accessed on 2022-12-08.,ECCL,Change in Mean Sea Level,"Environment, Climate Change, Climate Indicators, Change in Mean Sea Level",Mediterranean,D01/15/1993,12.7499
83,World,,WLD,Change in mean sea level: Sea level: TOPEX.Poseidon,Millimeters,National Oceanic and Atmospheric Administration (NOAA). 2020. Sea Level Rise. Laboratory for Satellite Altimetry. https://www.star.nesdis.noaa.gov/socd/lsa/SeaLevelRise/LSA_SLR_timeseries.php. Accessed on 2022-12-08.,ECCL,Change in Mean Sea Level,"Environment, Climate Change, Climate Indicators, Change in Mean Sea Level",Indonesian,D01/15/1993,12.9408
82,World,,WLD,Change in mean sea level: Sea level: TOPEX.Poseidon,Millimeters,National Oceanic and Atmospheric Administration (NOAA). 2020. Sea Level Rise. Laboratory for Satellite Altimetry. https://www.star.nesdis.noaa.gov/socd/lsa/SeaLevelRise/LSA_SLR_timeseries.php. Accessed on 2022-12-08.,ECCL,Change in Mean Sea Level,"Environment, Climate Change, Climate Indicators, Change in Mean Sea Level",Indian Ocean,D01/15/1993,12.959499999999998
81,World,,WLD,Change in mean sea level: Sea level: TOPEX.Poseidon,Millimeters,National Oceanic and Atmospheric Administration (NOAA). 2020. Sea Level Rise. Laboratory for Satellite Altimetry. https://www.star.nesdis.noaa.gov/socd/lsa/SeaLevelRise/LSA_SLR_timeseries.php. Accessed on 2022-12-08.,ECCL,Change in Mean Sea Level,"Environment, Climate Change, Climate Indicators, Change in Mean Sea Level",Gulf Mexico,D01/15/1993,13.141999999999998
80,World,,WLD,Change in mean sea level: Sea level: TOPEX.Poseidon,Millimeters,National Oceanic and Atmospheric Administration (NOAA). 2020. Sea Level Rise. Laboratory for Satellite Altimetry. https://www.star.nesdis.noaa.gov/socd/lsa/SeaLevelRise/LSA_SLR_timeseries.php. Accessed on 2022-12-08.,ECCL,Change in Mean Sea Level,"Environment, Climate Change, Climate Indicators, Change in Mean Sea Level",Bering Sea,D01/15/1993,13.551499999999999
79,World,,WLD,Change in mean sea level: Sea level: TOPEX.Poseidon,Millimeters,National Oceanic and Atmospheric Administration (NOAA). 2020. Sea Level Rise. Laboratory for Satellite Altimetry. https://www.star.nesdis.noaa.gov/socd/lsa/SeaLevelRise/LSA_SLR_timeseries.php. Accessed on 2022-12-08.,ECCL,Change in Mean Sea Level,"Environment, Climate Change, Climate Indicators, Change in Mean Sea Level",Bay Bengal,D01/15/1993,13.6158
86,World,,WLD,Change in mean sea level: Sea level: TOPEX.Poseidon,Millimeters,National Oceanic and Atmospheric Administration (NOAA). 2020. Sea Level Rise. Laboratory for Satellite Altimetry. https://www.star.nesdis.noaa.gov/socd/lsa/SeaLevelRise/LSA_SLR_timeseries.php. Accessed on 2022-12-08.,ECCL,Change in Mean Sea Level,"Environment, Climate Change, Climate Indicators, Change in Mean Sea Level",North Pacific,D01/15/1993,14.050899999999999
77,World,,WLD,Change in mean sea level: Sea level: TOPEX.Poseidon,Millimeters,National Oceanic and Atmospheric Administration (NOAA). 2020. Sea Level Rise. Laboratory for Satellite Altimetry. https://www.star.nesdis.noaa.gov/socd/lsa/SeaLevelRise/LSA_SLR_timeseries.php. Accessed on 2022-12-08.,ECCL,Change in Mean Sea Level,"Environment, Climate Change, Climate Indicators, Change in Mean Sea Level",Arabian Sea,D01/15/1993,14.354299999999999
100,World,,WLD,Change in mean sea level: Sea level: TOPEX.Poseidon,Millimeters,National Oceanic and Atmospheric Administration (NOAA). 2020. Sea Level Rise. Laboratory for Satellite Altimetry. https://www.star.nesdis.noaa.gov/socd/lsa/SeaLevelRise/LSA_SLR_timeseries.php. Accessed on 2022-12-08.,ECCL,Change in Mean Sea Level,"Environment, Climate Change, Climate Indicators, Change in Mean Sea Level",North Atlantic,D01/16/1993,14.4386
97,World,,WLD,Change in mean sea level: Sea level: TOPEX.Poseidon,Millimeters,National Oceanic and Atmospheric Administration (NOAA). 2020. Sea Level Rise. Laboratory for Satellite Altimetry. https://www.star.nesdis.noaa.gov/socd/lsa/SeaLevelRise/LSA_SLR_timeseries.php. Accessed on 2022-12-08.,ECCL,Change in Mean Sea Level,"Environment, Climate Change, Climate Indicators, Change in Mean Sea Level",Andaman Sea,D01/16/1993,15.588
98,World,,WLD,Change in mean sea level: Sea level: TOPEX.Poseidon,Millimeters,National Oceanic and Atmospheric Administration (NOAA). 2020. Sea Level Rise. Laboratory for Satellite Altimetry. https://www.star.nesdis.noaa.gov/socd/lsa/SeaLevelRise/LSA_SLR_timeseries.php. Accessed on 2022-12-08.,ECCL,Change in Mean Sea Level,"Environment, Climate Change, Climate Indicators, Change in Mean Sea Level",Atlantic Ocean,D01/16/1993,15.687100000000001
96,World,,WLD,Change in mean sea level: Sea level: TOPEX.Poseidon,Millimeters,National Oceanic and Atmospheric Administration (NOAA). 2020. Sea Level Rise. Laboratory for Satellite Altimetry. https://www.star.nesdis.noaa.gov/socd/lsa/SeaLevelRise/LSA_SLR_timeseries.php. Accessed on 2022-12-08.,ECCL,Change in Mean Sea Level,"Environment, Climate Change, Climate Indicators, Change in Mean Sea Level",Adriatic Sea,D01/16/1993,16.2142
99,World,,WLD,Change in mean sea level: Sea level: TOPEX.Poseidon,Millimeters,National Oceanic and Atmospheric Administration (NOAA). 2020. Sea Level Rise. Laboratory for Satellite Altimetry. https://www.star.nesdis.noaa.gov/socd/lsa/SeaLevelRise/LSA_SLR_timeseries.php. Accessed on 2022-12-08.,ECCL,Change in Mean Sea Level,"Environment, Climate Change, Climate Indicators, Change in Mean Sea Level",Caribbean Sea,D01/16/1993,16.291
1,World,,WLD,Change in mean sea level: Sea level: TOPEX.Poseidon,Millimeters,National Oceanic and Atmospheric Administration (NOAA). 2020. Sea Level Rise. Laboratory for Satellite Altimetry. https://www.star.nesdis.noaa.gov/socd/lsa/SeaLevelRise/LSA_SLR_timeseries.php. Accessed on 2022-12-08.,ECCL,Change in Mean Sea Level,"Environment, Climate Change, Climate Indicators, Change in Mean Sea Level",Andaman Sea,D12/17/1992,16.3944
16,World,,WLD,Change in mean sea level: Sea level: TOPEX.Poseidon,Millimeters,National Oceanic and Atmospheric Administration (NOAA). 2020. Sea Level Rise. Laboratory for Satellite Altimetry. https://www.star.nesdis.noaa.gov/socd/lsa/SeaLevelRise/LSA_SLR_timeseries.php. Accessed on 2022-12-08.,ECCL,Change in Mean Sea Level,"Environment, Climate Change, Climate Indicators, Change in Mean Sea Level",Sea Japan,D12/17/1992,16.8609
22,World,,WLD,Change in mean sea level: Sea level: TOPEX.Poseidon,Millimeters,National Oceanic and Atmospheric Administration (NOAA). 2020. Sea Level Rise. Laboratory for Satellite Altimetry. https://www.star.nesdis.noaa.gov/socd/lsa/SeaLevelRise/LSA_SLR_timeseries.php. Accessed on 2022-12-08.,ECCL,Change in Mean Sea Level,"Environment, Climate Change, Climate Indicators, Change in Mean Sea Level",Yellow Sea,D12/17/1992,17.567
21,World,,WLD,Change in mean sea level: Sea level: TOPEX.Poseidon,Millimeters,National Oceanic and Atmospheric Administration (NOAA). 2020. Sea Level Rise. Laboratory for Satellite Altimetry. https://www.star.nesdis.noaa.gov/socd/lsa/SeaLevelRise/LSA_SLR_timeseries.php. Accessed on 2022-12-08.,ECCL,Change in Mean Sea Level,"Environment, Climate Change, Climate Indicators, Change in Mean Sea Level",World,D12/17/1992,17.7265
20,World,,WLD,Change in mean sea level: Sea level: TOPEX.Poseidon,Millimeters,National Oceanic and Atmospheric Administration (NOAA). 2020. Sea Level Rise. Laboratory for Satellite Altimetry. https://www.star.nesdis.noaa.gov/socd/lsa/SeaLevelRise/LSA_SLR_timeseries.php. Accessed on 2022-12-08.,ECCL,Change in Mean Sea Level,"Environment, Climate Change, Climate Indicators, Change in Mean Sea Level",Tropics,D12/17/1992,17.922900000000002
17,World,,WLD,Change in mean sea level: Sea level: TOPEX.Poseidon,Millimeters,National Oceanic and Atmospheric Administration (NOAA). 2020. Sea Level Rise. Laboratory for Satellite Altimetry. https://www.star.nesdis.noaa.gov/socd/lsa/SeaLevelRise/LSA_SLR_timeseries.php. Accessed on 2022-12-08.,ECCL,Change in Mean Sea Level,"Environment, Climate Change, Climate Indicators, Change in Mean Sea Level",Sea Okhotsk,D12/17/1992,17.966800000000003
19,World,,WLD,Change in mean sea level: Sea level: TOPEX.Poseidon,Millimeters,National Oceanic and Atmospheric Administration (NOAA). 2020. Sea Level Rise. Laboratory for Satellite Altimetry. https://www.star.nesdis.noaa.gov/socd/lsa/SeaLevelRise/LSA_SLR_timeseries.php. Accessed on 2022-12-08.,ECCL,Change in Mean Sea Level,"Environment, Climate Change, Climate Indicators, Change in Mean Sea Level",Southern Ocean,D12/17/1992,18.211100000000005
18,World,,WLD,Change in mean sea level: Sea level: TOPEX.Poseidon,Millimeters,National Oceanic and Atmospheric Administration (NOAA). 2020. Sea Level Rise. Laboratory for Satellite Altimetry. https://www.star.nesdis.noaa.gov/socd/lsa/SeaLevelRise/LSA_SLR_timeseries.php. Accessed on 2022-12-08.,ECCL,Change in Mean Sea Level,"Environment, Climate Change, Climate Indicators, Change in Mean Sea Level",South China,D12/17/1992,18.257100000000005
14,World,,WLD,Change in mean sea level: Sea level: TOPEX.Poseidon,Millimeters,National Oceanic and Atmospheric Administration (NOAA). 2020. Sea Level Rise. Laboratory for Satellite Altimetry. https://www.star.nesdis.noaa.gov/socd/lsa/SeaLevelRise/LSA_SLR_timeseries.php. Accessed on 2022-12-08.,ECCL,Change in Mean Sea Level,"Environment, Climate Change, Climate Indicators, Change in Mean Sea Level",Pacific Ocean,D12/17/1992,18.405900000000003
13,World,,WLD,Change in mean sea level: Sea level: TOPEX.Poseidon,Millimeters,National Oceanic and Atmospheric Administration (NOAA). 2020. Sea Level Rise. Laboratory for Satellite Altimetry. https://www.star.nesdis.noaa.gov/socd/lsa/SeaLevelRise/LSA_SLR_timeseries.php. Accessed on 2022-12-08.,ECCL,Change in Mean Sea Level,"Environment, Climate Change, Climate Indicators, Change in Mean Sea Level",North Sea,D12/17/1992,18.846000000000004
15,World,,WLD,Change in mean sea level: Sea level: TOPEX.Poseidon,Millimeters,National Oceanic and Atmospheric Administration (NOAA). 2020. Sea Level Rise. Laboratory for Satellite Altimetry. https://www.star.nesdis.noaa.gov/socd/lsa/SeaLevelRise/LSA_SLR_timeseries.php. Accessed on 2022-12-08.,ECCL,Change in Mean Sea Level,"Environment, Climate Change, Climate Indicators, Change in Mean Sea Level",Persian Gulf,D12/17/1992,20.191300000000005
12,World,,WLD,Change in mean sea level: Sea level: TOPEX.Poseidon,Millimeters,National Oceanic and Atmospheric Administration (NOAA). 2020. Sea Level Rise. Laboratory for Satellite Altimetry. https://www.star.nesdis.noaa.gov/socd/lsa/SeaLevelRise/LSA_SLR_timeseries.php. Accessed on 2022-12-08.,ECCL,Change in Mean Sea Level,"Environment, Climate Change, Climate Indicators, Change in Mean Sea Level",North Pacific,D12/17/1992,20.387200000000004
10,World,,WLD,Change in mean sea level: Sea level: TOPEX.Poseidon,Millimeters,National Oceanic and Atmospheric Administration (NOAA). 2020. Sea Level Rise. Laboratory for Satellite Altimetry. https://www.star.nesdis.noaa.gov/socd/lsa/SeaLevelRise/LSA_SLR_timeseries.php. Accessed on 2022-12-08.,ECCL,Change in Mean Sea Level,"Environment, Climate Change, Climate Indicators, Change in Mean Sea Level",Mediterranean,D12/17/1992,20.777400000000004
9,World,,WLD,Change in mean sea level: Sea level: TOPEX.Poseidon,Millimeters,National Oceanic and Atmospheric Administration (NOAA). 2020. Sea Level Rise. Laboratory for Satellite Altimetry. https://www.star.nesdis.noaa.gov/socd/lsa/SeaLevelRise/LSA_SLR_timeseries.php. Accessed on 2022-12-08.,ECCL,Change in Mean Sea Level,"Environment, Climate Change, Climate Indicators, Change in Mean Sea Level",Indonesian,D12/17/1992,20.808300000000003
8,World,,WLD,Change in mean sea level: Sea level: TOPEX.Poseidon,Millimeters,National Oceanic and Atmospheric Administration (NOAA). 2020. Sea Level Rise. Laboratory for Satellite Altimetry. https://www.star.nesdis.noaa.gov/socd/lsa/SeaLevelRise/LSA_SLR_timeseries.php. Accessed on 2022-12-08.,ECCL,Change in Mean Sea Level,"Environment, Climate Change, Climate Indicators, Change in Mean Sea Level",Indian Ocean,D12/17/1992,21.084600000000005
7,World,,WLD,Change in mean sea level: Sea level: TOPEX.Poseidon,Millimeters,National Oceanic and Atmospheric Administration (NOAA). 2020. Sea Level Rise. Laboratory for Satellite Altimetry. https://www.star.nesdis.noaa.gov/socd/lsa/SeaLevelRise/LSA_SLR_timeseries.php. Accessed on 2022-12-08.,ECCL,Change in Mean Sea Level,"Environment, Climate Change, Climate Indicators, Change in Mean Sea Level",Gulf Mexico,D12/17/1992,21.124100000000002
6,World,,WLD,Change in mean sea level: Sea level: TOPEX.Poseidon,Millimeters,National Oceanic and Atmospheric Administration (NOAA). 2020. Sea Level Rise. Laboratory for Satellite Altimetry. https://www.star.nesdis.noaa.gov/socd/lsa/SeaLevelRise/LSA_SLR_timeseries.php. Accessed on 2022-12-08.,ECCL,Change in Mean Sea Level,"Environment, Climate Change, Climate Indicators, Change in Mean Sea Level",Caribbean Sea,D12/17/1992,21.259900000000002
5,World,,WLD,Change in mean sea level: Sea level: TOPEX.Poseidon,Millimeters,National Oceanic and Atmospheric Administration (NOAA). 2020. Sea Level Rise. Laboratory for Satellite Altimetry. https://www.star.nesdis.noaa.gov/socd/lsa/SeaLevelRise/LSA_SLR_timeseries.php. Accessed on 2022-12-08.,ECCL,Change in Mean Sea Level,"Environment, Climate Change, Climate Indicators, Change in Mean Sea Level",Bay Bengal,D12/17/1992,21.292600000000004
4,World,,WLD,Change in mean sea level: Sea level: TOPEX.Poseidon,Millimeters,National Oceanic and Atmospheric Administration (NOAA). 2020. Sea Level Rise. Laboratory for Satellite Altimetry. https://www.star.nesdis.noaa.gov/socd/lsa/SeaLevelRise/LSA_SLR_timeseries.php. Accessed on 2022-12-08.,ECCL,Change in Mean Sea Level,"Environment, Climate Change, Climate Indicators, Change in Mean Sea Level",Baltic Sea,D12/17/1992,23.261100000000003
3,World,,WLD,Change in mean sea level: Sea level: TOPEX.Poseidon,Millimeters,National Oceanic and Atmospheric Administration (NOAA). 2020. Sea Level Rise. Laboratory for Satellite Altimetry. https://www.star.nesdis.noaa.gov/socd/lsa/SeaLevelRise/LSA_SLR_timeseries.php. Accessed on 2022-12-08.,ECCL,Change in Mean Sea Level,"Environment, Climate Change, Climate Indicators, Change in Mean Sea Level",Atlantic Ocean,D12/17/1992,23.4152
2,World,,WLD,Change in mean sea level: Sea level: TOPEX.Poseidon,Millimeters,National Oceanic and Atmospheric Administration (NOAA). 2020. Sea Level Rise. Laboratory for Satellite Altimetry. https://www.star.nesdis.noaa.gov/socd/lsa/SeaLevelRise/LSA_SLR_timeseries.php. Accessed on 2022-12-08.,ECCL,Change in Mean Sea Level,"Environment, Climate Change, Climate Indicators, Change in Mean Sea Level",Arabian Sea,D12/17/1992,23.599800000000002
11,World,,WLD,Change in mean sea level: Sea level: TOPEX.Poseidon,Millimeters,National Oceanic and Atmospheric Administration (NOAA). 2020. Sea Level Rise. Laboratory for Satellite Altimetry. https://www.star.nesdis.noaa.gov/socd/lsa/SeaLevelRise/LSA_SLR_timeseries.php. Accessed on 2022-12-08.,ECCL,Change in Mean Sea Level,"Environment, Climate Change, Climate Indicators, Change in Mean Sea Level",Nino,D12/17/1992,23.6311
23,World,,WLD,Change in mean sea level: Sea level: TOPEX.Poseidon,Millimeters,National Oceanic and Atmospheric Administration (NOAA). 2020. Sea Level Rise. Laboratory for Satellite Altimetry. https://www.star.nesdis.noaa.gov/socd/lsa/SeaLevelRise/LSA_SLR_timeseries.php. Accessed on 2022-12-08.,ECCL,Change in Mean Sea Level,"Environment, Climate Change, Climate Indicators, Change in Mean Sea Level",Adriatic Sea,D12/18/1992,23.723000000000003
25,World,,WLD,Change in mean sea level: Sea level: TOPEX.Poseidon,Millimeters,National Oceanic and Atmospheric Administration (NOAA). 2020. Sea Level Rise. Laboratory for Satellite Altimetry. https://www.star.nesdis.noaa.gov/socd/lsa/SeaLevelRise/LSA_SLR_timeseries.php. Accessed on 2022-12-08.,ECCL,Change in Mean Sea Level,"Environment, Climate Change, Climate Indicators, Change in Mean Sea Level",North Atlantic,D12/18/1992,23.7253
24,World,,WLD,Change in mean sea level: Sea level: TOPEX.Poseidon,Millimeters,National Oceanic and Atmospheric Administration (NOAA). 2020. Sea Level Rise. Laboratory for Satellite Altimetry. https://www.star.nesdis.noaa.gov/socd/lsa/SeaLevelRise/LSA_SLR_timeseries.php. Accessed on 2022-12-08.,ECCL,Change in Mean Sea Level,"Environment, Climate Change, Climate Indicators, Change in Mean Sea Level",Bering Sea,D12/18/1992,23.7788
27,World,,WLD,Change in mean sea level: Sea level: TOPEX.Poseidon,Millimeters,National Oceanic and Atmospheric Administration (NOAA). 2020. Sea Level Rise. Laboratory for Satellite Altimetry. https://www.star.nesdis.noaa.gov/socd/lsa/SeaLevelRise/LSA_SLR_timeseries.php. Accessed on 2022-12-08.,ECCL,Change in Mean Sea Level,"Environment, Climate Change, Climate Indicators, Change in Mean Sea Level",Baltic Sea,D12/26/1992,26.059300000000004
28,World,,WLD,Change in mean sea level: Sea level: TOPEX.Poseidon,Millimeters,National Oceanic and Atmospheric Administration (NOAA). 2020. Sea Level Rise. Laboratory for Satellite Altimetry. https://www.star.nesdis.noaa.gov/socd/lsa/SeaLevelRise/LSA_SLR_timeseries.php. Accessed on 2022-12-08.,ECCL,Change in Mean Sea Level,"Environment, Climate Change, Climate Indicators, Change in Mean Sea Level",Bay Bengal,D12/26/1992,26.176000000000005
29,World,,WLD,Change in mean sea level: Sea level: TOPEX.Poseidon,Millimeters,National Oceanic and Atmospheric Administration (NOAA). 2020. Sea Level Rise. Laboratory for Satellite Altimetry. https://www.star.nesdis.noaa.gov/socd/lsa/SeaLevelRise/LSA_SLR_timeseries.php. Accessed on 2022-12-08.,ECCL,Change in Mean Sea Level,"Environment, Climate Change, Climate Indicators, Change in Mean Sea Level",Mediterranean,D12/26/1992,26.305800000000005
30,World,,WLD,Change in mean sea level: Sea level: TOPEX.Poseidon,Millimeters,National Oceanic and Atmospheric Administration (NOAA). 2020. Sea Level Rise. Laboratory for Satellite Altimetry. https://www.star.nesdis.noaa.gov/socd/lsa/SeaLevelRise/LSA_SLR_timeseries.php. Accessed on 2022-12-08.,ECCL,Change in Mean Sea Level,"Environment, Climate Change, Climate Indicators, Change in Mean Sea Level",North Sea,D12/26/1992,26.938900000000004
31,World,,WLD,Change in mean sea level: Sea level: TOPEX.Poseidon,Millimeters,National Oceanic and Atmospheric Administration (NOAA). 2020. Sea Level Rise. Laboratory for Satellite Altimetry. https://www.star.nesdis.noaa.gov/socd/lsa/SeaLevelRise/LSA_SLR_timeseries.php. Accessed on 2022-12-08.,ECCL,Change in Mean Sea Level,"Environment, Climate Change, Climate Indicators, Change in Mean Sea Level",Persian Gulf,D12/26/1992,28.061200000000003
33,World,,WLD,Change in mean sea level: Sea level: TOPEX.Poseidon,Millimeters,National Oceanic and Atmospheric Administration (NOAA). 2020. Sea Level Rise. Laboratory for Satellite Altimetry. https://www.star.nesdis.noaa.gov/socd/lsa/SeaLevelRise/LSA_SLR_timeseries.php. Accessed on 2022-12-08.,ECCL,Change in Mean Sea Level,"Environment, Climate Change, Climate Indicators, Change in Mean Sea Level",Sea Okhotsk,D12/26/1992,28.442100000000007
34,World,,WLD,Change in mean sea level: Sea level: TOPEX.Poseidon,Millimeters,National Oceanic and Atmospheric Administration (NOAA). 2020. Sea Level Rise. Laboratory for Satellite Altimetry. https://www.star.nesdis.noaa.gov/socd/lsa/SeaLevelRise/LSA_SLR_timeseries.php. Accessed on 2022-12-08.,ECCL,Change in Mean Sea Level,"Environment, Climate Change, Climate Indicators, Change in Mean Sea Level",South China,D12/26/1992,28.601100000000006
26,World,,WLD,Change in mean sea level: Sea level: TOPEX.Poseidon,Millimeters,National Oceanic and Atmospheric Administration (NOAA). 2020. Sea Level Rise. Laboratory for Satellite Altimetry. https://www.star.nesdis.noaa.gov/socd/lsa/SeaLevelRise/LSA_SLR_timeseries.php. Accessed on 2022-12-08.,ECCL,Change in Mean Sea Level,"Environment, Climate Change, Climate Indicators, Change in Mean Sea Level",Andaman Sea,D12/26/1992,28.627500000000005
32,World,,WLD,Change in mean sea level: Sea level: TOPEX.Poseidon,Millimeters,National Oceanic and Atmospheric Administration (NOAA). 2020. Sea Level Rise. Laboratory for Satellite Altimetry. https://www.star.nesdis.noaa.gov/socd/lsa/SeaLevelRise/LSA_SLR_timeseries.php. Accessed on 2022-12-08.,ECCL,Change in Mean Sea Level,"Environment, Climate Change, Climate Indicators, Change in Mean Sea Level",Sea Japan,D12/26/1992,28.858000000000008
48,World,,WLD,Change in mean sea level: Sea level: TOPEX.Poseidon,Millimeters,National Oceanic and Atmospheric Administration (NOAA). 2020. Sea Level Rise. Laboratory for Satellite Altimetry. https://www.star.nesdis.noaa.gov/socd/lsa/SeaLevelRise/LSA_SLR_timeseries.php. Accessed on 2022-12-08.,ECCL,Change in Mean Sea Level,"Environment, Climate Change, Climate Indicators, Change in Mean Sea Level",World,D12/27/1992,29.03450000000001
35,World,,WLD,Change in mean sea level: Sea level: TOPEX.Poseidon,Millimeters,National Oceanic and Atmospheric Administration (NOAA). 2020. Sea Level Rise. Laboratory for Satellite Altimetry. https://www.star.nesdis.noaa.gov/socd/lsa/SeaLevelRise/LSA_SLR_timeseries.php. Accessed on 2022-12-08.,ECCL,Change in Mean Sea Level,"Environment, Climate Change, Climate Indicators, Change in Mean Sea Level",Arabian Sea,D12/27/1992,29.115900000000007
36,World,,WLD,Change in mean sea level: Sea level: TOPEX.Poseidon,Millimeters,National Oceanic and Atmospheric Administration (NOAA). 2020. Sea Level Rise. Laboratory for Satellite Altimetry. https://www.star.nesdis.noaa.gov/socd/lsa/SeaLevelRise/LSA_SLR_timeseries.php. Accessed on 2022-12-08.,ECCL,Change in Mean Sea Level,"Environment, Climate Change, Climate Indicators, Change in Mean Sea Level",Atlantic Ocean,D12/27/1992,29.219000000000005
37,World,,WLD,Change in mean sea level: Sea level: TOPEX.Poseidon,Millimeters,National Oceanic and Atmospheric Administration (NOAA). 2020. Sea Level Rise. Laboratory for Satellite Altimetry. https://www.star.nesdis.noaa.gov/socd/lsa/SeaLevelRise/LSA_SLR_timeseries.php. Accessed on 2022-12-08.,ECCL,Change in Mean Sea Level,"Environment, Climate Change, Climate Indicators, Change in Mean Sea Level",Bering Sea,D12/27/1992,29.527500000000003
38,World,,WLD,Change in mean sea level: Sea level: TOPEX.Poseidon,Millimeters,National Oceanic and Atmospheric Administration (NOAA). 2020. Sea Level Rise. Laboratory for Satellite Altimetry. https://www.star.nesdis.noaa.gov/socd/lsa/SeaLevelRise/LSA_SLR_timeseries.php. Accessed on 2022-12-08.,ECCL,Change in Mean Sea Level,"Environment, Climate Change, Climate Indicators, Change in Mean Sea Level",Caribbean Sea,D12/27/1992,29.552300000000006
39,World,,WLD,Change in mean sea level: Sea level: TOPEX.Poseidon,Millimeters,National Oceanic and Atmospheric Administration (NOAA). 2020. Sea Level Rise. Laboratory for Satellite Altimetry. https://www.star.nesdis.noaa.gov/socd/lsa/SeaLevelRise/LSA_SLR_timeseries.php. Accessed on 2022-12-08.,ECCL,Change in Mean Sea Level,"Environment, Climate Change, Climate Indicators, Change in Mean Sea Level",Gulf Mexico,D12/27/1992,29.689800000000005
40,World,,WLD,Change in mean sea level: Sea level: TOPEX.Poseidon,Millimeters,National Oceanic and Atmospheric Administration (NOAA). 2020. Sea Level Rise. Laboratory for Satellite Altimetry. https://www.star.nesdis.noaa.gov/socd/lsa/SeaLevelRise/LSA_SLR_timeseries.php. Accessed on 2022-12-08.,ECCL,Change in Mean Sea Level,"Environment, Climate Change, Climate Indicators, Change in Mean Sea Level",Indian Ocean,D12/27/1992,29.790100000000006
41,World,,WLD,Change in mean sea level: Sea level: TOPEX.Poseidon,Millimeters,National Oceanic and Atmospheric Administration (NOAA). 2020. Sea Level Rise. Laboratory for Satellite Altimetry. https://www.star.nesdis.noaa.gov/socd/lsa/SeaLevelRise/LSA_SLR_timeseries.php. Accessed on 2022-12-08.,ECCL,Change in Mean Sea Level,"Environment, Climate Change, Climate Indicators, Change in Mean Sea Level",Indonesian,D12/27/1992,29.828200000000006
42,World,,WLD,Change in mean sea level: Sea level: TOPEX.Poseidon,Millimeters,National Oceanic and Atmospheric Administration (NOAA). 2020. Sea Level Rise. Laboratory for Satellite Altimetry. https://www.star.nesdis.noaa.gov/socd/lsa/SeaLevelRise/LSA_SLR_timeseries.php. Accessed on 2022-12-08.,ECCL,Change in Mean Sea Level,"Environment, Climate Change, Climate Indicators, Change in Mean Sea Level",Nino,D12/27/1992,29.917500000000004
43,World,,WLD,Change in mean sea level: Sea level: TOPEX.Poseidon,Millimeters,National Oceanic and Atmospheric Administration (NOAA). 2020. Sea Level Rise. Laboratory for Satellite Altimetry. https://www.star.nesdis.noaa.gov/socd/lsa/SeaLevelRise/LSA_SLR_timeseries.php. Accessed on 2022-12-08.,ECCL,Change in Mean Sea Level,"Environment, Climate Change, Climate Indicators, Change in Mean Sea Level",North Atlantic,D12/27/1992,29.922800000000006
44,World,,WLD,Change in mean sea level: Sea level: TOPEX.Poseidon,Millimeters,National Oceanic and Atmospheric Administration (NOAA). 2020. Sea Level Rise. Laboratory for Satellite Altimetry. https://www.star.nesdis.noaa.gov/socd/lsa/SeaLevelRise/LSA_SLR_timeseries.php. Accessed on 2022-12-08.,ECCL,Change in Mean Sea Level,"Environment, Climate Change, Climate Indicators, Change in Mean Sea Level",North Pacific,D12/27/1992,30.005900000000008
45,World,,WLD,Change in mean sea level: Sea level: TOPEX.Poseidon,Millimeters,National Oceanic and Atmospheric Administration (NOAA). 2020. Sea Level Rise. Laboratory for Satellite Altimetry. https://www.star.nesdis.noaa.gov/socd/lsa/SeaLevelRise/LSA_SLR_timeseries.php. Accessed on 2022-12-08.,ECCL,Change in Mean Sea Level,"Environment, Climate Change, Climate Indicators, Change in Mean Sea Level",Pacific Ocean,D12/27/1992,30.277700000000006
46,World,,WLD,Change in mean sea level: Sea level: TOPEX.Poseidon,Millimeters,National Oceanic and Atmospheric Administration (NOAA). 2020. Sea Level Rise. Laboratory for Satellite Altimetry. https://www.star.nesdis.noaa.gov/socd/lsa/SeaLevelRise/LSA_SLR_timeseries.php. Accessed on 2022-12-08.,ECCL,Change in Mean Sea Level,"Environment, Climate Change, Climate Indicators, Change in Mean Sea Level",Southern Ocean,D12/27/1992,30.445000000000004
47,World,,WLD,Change in mean sea level: Sea level: TOPEX.Poseidon,Millimeters,National Oceanic and Atmospheric Administration (NOAA). 2020. Sea Level Rise. Laboratory for Satellite Altimetry. https://www.star.nesdis.noaa.gov/socd/lsa/SeaLevelRise/LSA_SLR_timeseries.php. Accessed on 2022-12-08.,ECCL,Change in Mean Sea Level,"Environment, Climate Change, Climate Indicators, Change in Mean Sea Level",Tropics,D12/27/1992,30.668400000000005
49,World,,WLD,Change in mean sea level: Sea level: TOPEX.Poseidon,Millimeters,National Oceanic and Atmospheric Administration (NOAA). 2020. Sea Level Rise. Laboratory for Satellite Altimetry. https://www.star.nesdis.noaa.gov/socd/lsa/SeaLevelRise/LSA_SLR_timeseries.php. Accessed on 2022-12-08.,ECCL,Change in Mean Sea Level,"Environment, Climate Change, Climate Indicators, Change in Mean Sea Level",Yellow Sea,D12/27/1992,31.112500000000004
50,World,,WLD,Change in mean sea level: Sea level: TOPEX.Poseidon,Millimeters,National Oceanic and Atmospheric Administration (NOAA). 2020. Sea Level Rise. Laboratory for Satellite Altimetry. https://www.star.nesdis.noaa.gov/socd/lsa/SeaLevelRise/LSA_SLR_timeseries.php. Accessed on 2022-12-08.,ECCL,Change in Mean Sea Level,"Environment, Climate Change, Climate Indicators, Change in Mean Sea Level",Adriatic Sea,D12/28/1992,31.631600000000002
