ObjectId,Country,ISO2,ISO3,Indicator,Unit,Source,CTS_Code,CTS_Name,CTS_Full_Descriptor,Date,Value
1,World,,WLD,Monthly Atmospheric Carbon Dioxide Concentrations,Parts Per Million,"Dr. Pieter Tans, National Oceanic and Atmospheric Administration (NOAA). Global Monitoring Laboratory, Trends in Atmospheric Carbon Dioxide Data (https://gml.noaa.gov/ccgg/trends/) and Dr. Ralph Keeling, Scripps Institution of Oceanography, Carbon Dioxide Measurements (https://scrippsco2.ucsd.edu/). Accessed on 2023-06-26.",ECCA,Atmospheric Carbon Dioxide Concentrations,"Environment, Climate Change, Climate Indicators, Atmospheric Carbon Dioxide Concentrations",1958M03,3.157
2,World,,WLD,Monthly Atmospheric Carbon Dioxide Concentrations,Parts Per Million,"Dr. Pieter Tans, National Oceanic and Atmospheric Administration (NOAA). Global Monitoring Laboratory, Trends in Atmospheric Carbon Dioxide Data (https://gml.noaa.gov/ccgg/trends/) and Dr. Ralph Keeling, Scripps Institution of Oceanography, Carbon Dioxide Measurements (https://scrippsco2.ucsd.edu/). Accessed on 2023-06-26.",ECCA,Atmospheric Carbon Dioxide Concentrations,"Environment, Climate Change, Climate Indicators, Atmospheric Carbon Dioxide Concentrations",1958M04,6.3315
3,World,,WLD,Monthly Atmospheric Carbon Dioxide Concentrations,Parts Per Million,"Dr. Pieter Tans, National Oceanic and Atmospheric Administration (NOAA). Global Monitoring Laboratory, Trends in Atmospheric Carbon Dioxide Data (https://gml.noaa.gov/ccgg/trends/) and Dr. Ralph Keeling, Scripps Institution of Oceanography, Carbon Dioxide Measurements (https://scrippsco2.ucsd.edu/). Accessed on 2023-06-26.",ECCA,Atmospheric Carbon Dioxide Concentrations,"Environment, Climate Change, Climate Indicators, Atmospheric Carbon Dioxide Concentrations",1958M05,9.5066
4,World,,WLD,Monthly Atmospheric Carbon Dioxide Concentrations,Parts Per Million,"Dr. Pieter Tans, National Oceanic and Atmospheric Administration (NOAA). Global Monitoring Laboratory, Trends in Atmospheric Carbon Dioxide Data (https://gml.noaa.gov/ccgg/trends/) and Dr. Ralph Keeling, Scripps Institution of Oceanography, Carbon Dioxide Measurements (https://scrippsco2.ucsd.edu/). Accessed on 2023-06-26.",ECCA,Atmospheric Carbon Dioxide Concentrations,"Environment, Climate Change, Climate Indicators, Atmospheric Carbon Dioxide Concentrations",1958M06,12.679000000000002
5,World,,WLD,Monthly Atmospheric Carbon Dioxide Concentrations,Parts Per Million,"Dr. Pieter Tans, National Oceanic and Atmospheric Administration (NOAA). Global Monitoring Laboratory, Trends in Atmospheric Carbon Dioxide Data (https://gml.noaa.gov/ccgg/trends/) and Dr. Ralph Keeling, Scripps Institution of Oceanography, Carbon Dioxide Measurements (https://scrippsco2.ucsd.edu/). Accessed on 2023-06-26.",ECCA,Atmospheric Carbon Dioxide Concentrations,"Environment, Climate Change, Climate Indicators, Atmospheric Carbon Dioxide Concentrations",1958M07,15.837600000000002
6,World,,WLD,Monthly Atmospheric Carbon Dioxide Concentrations,Parts Per Million,"Dr. Pieter Tans, National Oceanic and Atmospheric Administration (NOAA). Global Monitoring Laboratory, Trends in Atmospheric Carbon Dioxide Data (https://gml.noaa.gov/ccgg/trends/) and Dr. Ralph Keeling, Scripps Institution of Oceanography, Carbon Dioxide Measurements (https://scrippsco2.ucsd.edu/). Accessed on 2023-06-26.",ECCA,Atmospheric Carbon Dioxide Concentrations,"Environment, Climate Change, Climate Indicators, Atmospheric Carbon Dioxide Concentrations",1958M08,18.986900000000002
7,World,,WLD,Monthly Atmospheric Carbon Dioxide Concentrations,Parts Per Million,"Dr. Pieter Tans, National Oceanic and Atmospheric Administration (NOAA). Global Monitoring Laboratory, Trends in Atmospheric Carbon Dioxide Data (https://gml.noaa.gov/ccgg/trends/) and Dr. Ralph Keeling, Scripps Institution of Oceanography, Carbon Dioxide Measurements (https://scrippsco2.ucsd.edu/). Accessed on 2023-06-26.",ECCA,Atmospheric Carbon Dioxide Concentrations,"Environment, Climate Change, Climate Indicators, Atmospheric Carbon Dioxide Concentrations",1958M09,22.118900000000004
8,World,,WLD,Monthly Atmospheric Carbon Dioxide Concentrations,Parts Per Million,"Dr. Pieter Tans, National Oceanic and Atmospheric Administration (NOAA). Global Monitoring Laboratory, Trends in Atmospheric Carbon Dioxide Data (https://gml.noaa.gov/ccgg/trends/) and Dr. Ralph Keeling, Scripps Institution of Oceanography, Carbon Dioxide Measurements (https://scrippsco2.ucsd.edu/). Accessed on 2023-06-26.",ECCA,Atmospheric Carbon Dioxide Concentrations,"Environment, Climate Change, Climate Indicators, Atmospheric Carbon Dioxide Concentrations",1958M10,25.2432
9,World,,WLD,Monthly Atmospheric Carbon Dioxide Concentrations,Parts Per Million,"Dr. Pieter Tans, National Oceanic and Atmospheric Administration (NOAA). Global Monitoring Laboratory, Trends in Atmospheric Carbon Dioxide Data (https://gml.noaa.gov/ccgg/trends/) and Dr. Ralph Keeling, Scripps Institution of Oceanography, Carbon Dioxide Measurements (https://scrippsco2.ucsd.edu/). Accessed on 2023-06-26.",ECCA,Atmospheric Carbon Dioxide Concentrations,"Environment, Climate Change, Climate Indicators, Atmospheric Carbon Dioxide Concentrations",1958M11,28.3765
10,World,,WLD,Monthly Atmospheric Carbon Dioxide Concentrations,Parts Per Million,"Dr. Pieter Tans, National Oceanic and Atmospheric Administration (NOAA). Global Monitoring Laboratory, Trends in Atmospheric Carbon Dioxide Data (https://gml.noaa.gov/ccgg/trends/) and Dr. Ralph Keeling, Scripps Institution of Oceanography, Carbon Dioxide Measurements (https://scrippsco2.ucsd.edu/). Accessed on 2023-06-26.",ECCA,Atmospheric Carbon Dioxide Concentrations,"Environment, Climate Change, Climate Indicators, Atmospheric Carbon Dioxide Concentrations",1958M12,31.523200000000003
11,World,,WLD,Monthly Atmospheric Carbon Dioxide Concentrations,Parts Per Million,"Dr. Pieter Tans, National Oceanic and Atmospheric Administration (NOAA). Global Monitoring Laboratory, Trends in Atmospheric Carbon Dioxide Data (https://gml.noaa.gov/ccgg/trends/) and Dr. Ralph Keeling, Scripps Institution of Oceanography, Carbon Dioxide Measurements (https://scrippsco2.ucsd.edu/). Accessed on 2023-06-26.",ECCA,Atmospheric Carbon Dioxide Concentrations,"Environment, Climate Change, Climate Indicators, Atmospheric Carbon Dioxide Concentrations",1959M01,34.679
12,World,,WLD,Monthly Atmospheric Carbon Dioxide Concentrations,Parts Per Million,"Dr. Pieter Tans, National Oceanic and Atmospheric Administration (NOAA). Global Monitoring Laboratory, Trends in Atmospheric Carbon Dioxide Data (https://gml.noaa.gov/ccgg/trends/) and Dr. Ralph Keeling, Scripps Institution of Oceanography, Carbon Dioxide Measurements (https://scrippsco2.ucsd.edu/). Accessed on 2023-06-26.",ECCA,Atmospheric Carbon Dioxide Concentrations,"Environment, Climate Change, Climate Indicators, Atmospheric Carbon Dioxide Concentrations",1959M02,37.8438
13,World,,WLD,Monthly Atmospheric Carbon Dioxide Concentrations,Parts Per Million,"Dr. Pieter Tans, National Oceanic and Atmospheric Administration (NOAA). Global Monitoring Laboratory, Trends in Atmospheric Carbon Dioxide Data (https://gml.noaa.gov/ccgg/trends/) and Dr. Ralph Keeling, Scripps Institution of Oceanography, Carbon Dioxide Measurements (https://scrippsco2.ucsd.edu/). Accessed on 2023-06-26.",ECCA,Atmospheric Carbon Dioxide Concentrations,"Environment, Climate Change, Climate Indicators, Atmospheric Carbon Dioxide Concentrations",1959M03,41.0103
14,World,,WLD,"Monthly Atmospheric Carbon Dioxide Concentrations, Year on Year Percentage Change",Percent,"Dr. Pieter Tans, National Oceanic and Atmospheric Administration (NOAA). Global Monitoring Laboratory, Trends in Atmospheric Carbon Dioxide Data (https://gml.noaa.gov/ccgg/trends/) and Dr. Ralph Keeling, Scripps Institution of Oceanography, Carbon Dioxide Measurements (https://scrippsco2.ucsd.edu/). Accessed on 2023-06-26.",ECCA,Atmospheric Carbon Dioxide Concentrations,"Environment, Climate Change, Climate Indicators, Atmospheric Carbon Dioxide Concentrations",1959M03,41.0133
15,World,,WLD,Monthly Atmospheric Carbon Dioxide Concentrations,Parts Per Million,"Dr. Pieter Tans, National Oceanic and Atmospheric Administration (NOAA). Global Monitoring Laboratory, Trends in Atmospheric Carbon Dioxide Data (https://gml.noaa.gov/ccgg/trends/) and Dr. Ralph Keeling, Scripps Institution of Oceanography, Carbon Dioxide Measurements (https://scrippsco2.ucsd.edu/). Accessed on 2023-06-26.",ECCA,Atmospheric Carbon Dioxide Concentrations,"Environment, Climate Change, Climate Indicators, Atmospheric Carbon Dioxide Concentrations",1959M04,44.1905
16,World,,WLD,"Monthly Atmospheric Carbon Dioxide Concentrations, Year on Year Percentage Change",Percent,"Dr. Pieter Tans, National Oceanic and Atmospheric Administration (NOAA). Global Monitoring Laboratory, Trends in Atmospheric Carbon Dioxide Data (https://gml.noaa.gov/ccgg/trends/) and Dr. Ralph Keeling, Scripps Institution of Oceanography, Carbon Dioxide Measurements (https://scrippsco2.ucsd.edu/). Accessed on 2023-06-26.",ECCA,Atmospheric Carbon Dioxide Concentrations,"Environment, Climate Change, Climate Indicators, Atmospheric Carbon Dioxide Concentrations",1959M04,44.1914
17,World,,WLD,Monthly Atmospheric Carbon Dioxide Concentrations,Parts Per Million,"Dr. Pieter Tans, National Oceanic and Atmospheric Administration (NOAA). Global Monitoring Laboratory, Trends in Atmospheric Carbon Dioxide Data (https://gml.noaa.gov/ccgg/trends/) and Dr. Ralph Keeling, Scripps Institution of Oceanography, Carbon Dioxide Measurements (https://scrippsco2.ucsd.edu/). Accessed on 2023-06-26.",ECCA,Atmospheric Carbon Dioxide Concentrations,"Environment, Climate Change, Climate Indicators, Atmospheric Carbon Dioxide Concentrations",1959M05,47.374300000000005
18,World,,WLD,"Monthly Atmospheric Carbon Dioxide Concentrations, Year on Year Percentage Change",Percent,"Dr. Pieter Tans, National Oceanic and Atmospheric Administration (NOAA). Global Monitoring Laboratory, Trends in Atmospheric Carbon Dioxide Data (https://gml.noaa.gov/ccgg/trends/) and Dr. Ralph Keeling, Scripps Institution of Oceanography, Carbon Dioxide Measurements (https://scrippsco2.ucsd.edu/). Accessed on 2023-06-26.",ECCA,Atmospheric Carbon Dioxide Concentrations,"Environment, Climate Change, Climate Indicators, Atmospheric Carbon Dioxide Concentrations",1959M05,47.3768
19,World,,WLD,Monthly Atmospheric Carbon Dioxide Concentrations,Parts Per Million,"Dr. Pieter Tans, National Oceanic and Atmospheric Administration (NOAA). Global Monitoring Laboratory, Trends in Atmospheric Carbon Dioxide Data (https://gml.noaa.gov/ccgg/trends/) and Dr. Ralph Keeling, Scripps Institution of Oceanography, Carbon Dioxide Measurements (https://scrippsco2.ucsd.edu/). Accessed on 2023-06-26.",ECCA,Atmospheric Carbon Dioxide Concentrations,"Environment, Climate Change, Climate Indicators, Atmospheric Carbon Dioxide Concentrations",1959M06,50.5583
20,World,,WLD,"Monthly Atmospheric Carbon Dioxide Concentrations, Year on Year Percentage Change",Percent,"Dr. Pieter Tans, National Oceanic and Atmospheric Administration (NOAA). Global Monitoring Laboratory, Trends in Atmospheric Carbon Dioxide Data (https://gml.noaa.gov/ccgg/trends/) and Dr. Ralph Keeling, Scripps Institution of Oceanography, Carbon Dioxide Measurements (https://scrippsco2.ucsd.edu/). Accessed on 2023-06-26.",ECCA,Atmospheric Carbon Dioxide Concentrations,"Environment, Climate Change, Climate Indicators, Atmospheric Carbon Dioxide Concentrations",1959M06,50.5612
21,World,,WLD,Monthly Atmospheric Carbon Dioxide Concentrations,Parts Per Million,"Dr. Pieter Tans, National Oceanic and Atmospheric Administration (NOAA). Global Monitoring Laboratory, Trends in Atmospheric Carbon Dioxide Data (https://gml.noaa.gov/ccgg/trends/) and Dr. Ralph Keeling, Scripps Institution of Oceanography, Carbon Dioxide Measurements (https://scrippsco2.ucsd.edu/). Accessed on 2023-06-26.",ECCA,Atmospheric Carbon Dioxide Concentrations,"Environment, Climate Change, Climate Indicators, Atmospheric Carbon Dioxide Concentrations",1959M07,53.7266
22,World,,WLD,"Monthly Atmospheric Carbon Dioxide Concentrations, Year on Year Percentage Change",Percent,"Dr. Pieter Tans, National Oceanic and Atmospheric Administration (NOAA). Global Monitoring Laboratory, Trends in Atmospheric Carbon Dioxide Data (https://gml.noaa.gov/ccgg/trends/) and Dr. Ralph Keeling, Scripps Institution of Oceanography, Carbon Dioxide Measurements (https://scrippsco2.ucsd.edu/). Accessed on 2023-06-26.",ECCA,Atmospheric Carbon Dioxide Concentrations,"Environment, Climate Change, Climate Indicators, Atmospheric Carbon Dioxide Concentrations",1959M07,53.7288
24,World,,WLD,"Monthly Atmospheric Carbon Dioxide Concentrations, Year on Year Percentage Change",Percent,"Dr. Pieter Tans, National Oceanic and Atmospheric Administration (NOAA). Global Monitoring Laboratory, Trends in Atmospheric Carbon Dioxide Data (https://gml.noaa.gov/ccgg/trends/) and Dr. Ralph Keeling, Scripps Institution of Oceanography, Carbon Dioxide Measurements (https://scrippsco2.ucsd.edu/). Accessed on 2023-06-26.",ECCA,Atmospheric Carbon Dioxide Concentrations,"Environment, Climate Change, Climate Indicators, Atmospheric Carbon Dioxide Concentrations",1959M08,53.7292
23,World,,WLD,Monthly Atmospheric Carbon Dioxide Concentrations,Parts Per Million,"Dr. Pieter Tans, National Oceanic and Atmospheric Administration (NOAA). Global Monitoring Laboratory, Trends in Atmospheric Carbon Dioxide Data (https://gml.noaa.gov/ccgg/trends/) and Dr. Ralph Keeling, Scripps Institution of Oceanography, Carbon Dioxide Measurements (https://scrippsco2.ucsd.edu/). Accessed on 2023-06-26.",ECCA,Atmospheric Carbon Dioxide Concentrations,"Environment, Climate Change, Climate Indicators, Atmospheric Carbon Dioxide Concentrations",1959M08,56.8772
25,World,,WLD,Monthly Atmospheric Carbon Dioxide Concentrations,Parts Per Million,"Dr. Pieter Tans, National Oceanic and Atmospheric Administration (NOAA). Global Monitoring Laboratory, Trends in Atmospheric Carbon Dioxide Data (https://gml.noaa.gov/ccgg/trends/) and Dr. Ralph Keeling, Scripps Institution of Oceanography, Carbon Dioxide Measurements (https://scrippsco2.ucsd.edu/). Accessed on 2023-06-26.",ECCA,Atmospheric Carbon Dioxide Concentrations,"Environment, Climate Change, Climate Indicators, Atmospheric Carbon Dioxide Concentrations",1959M09,60.015600000000006
26,World,,WLD,"Monthly Atmospheric Carbon Dioxide Concentrations, Year on Year Percentage Change",Percent,"Dr. Pieter Tans, National Oceanic and Atmospheric Administration (NOAA). Global Monitoring Laboratory, Trends in Atmospheric Carbon Dioxide Data (https://gml.noaa.gov/ccgg/trends/) and Dr. Ralph Keeling, Scripps Institution of Oceanography, Carbon Dioxide Measurements (https://scrippsco2.ucsd.edu/). Accessed on 2023-06-26.",ECCA,Atmospheric Carbon Dioxide Concentrations,"Environment, Climate Change, Climate Indicators, Atmospheric Carbon Dioxide Concentrations",1959M09,60.0176
27,World,,WLD,Monthly Atmospheric Carbon Dioxide Concentrations,Parts Per Million,"Dr. Pieter Tans, National Oceanic and Atmospheric Administration (NOAA). Global Monitoring Laboratory, Trends in Atmospheric Carbon Dioxide Data (https://gml.noaa.gov/ccgg/trends/) and Dr. Ralph Keeling, Scripps Institution of Oceanography, Carbon Dioxide Measurements (https://scrippsco2.ucsd.edu/). Accessed on 2023-06-26.",ECCA,Atmospheric Carbon Dioxide Concentrations,"Environment, Climate Change, Climate Indicators, Atmospheric Carbon Dioxide Concentrations",1959M10,63.1509
28,World,,WLD,"Monthly Atmospheric Carbon Dioxide Concentrations, Year on Year Percentage Change",Percent,"Dr. Pieter Tans, National Oceanic and Atmospheric Administration (NOAA). Global Monitoring Laboratory, Trends in Atmospheric Carbon Dioxide Data (https://gml.noaa.gov/ccgg/trends/) and Dr. Ralph Keeling, Scripps Institution of Oceanography, Carbon Dioxide Measurements (https://scrippsco2.ucsd.edu/). Accessed on 2023-06-26.",ECCA,Atmospheric Carbon Dioxide Concentrations,"Environment, Climate Change, Climate Indicators, Atmospheric Carbon Dioxide Concentrations",1959M10,63.153800000000004
29,World,,WLD,Monthly Atmospheric Carbon Dioxide Concentrations,Parts Per Million,"Dr. Pieter Tans, National Oceanic and Atmospheric Administration (NOAA). Global Monitoring Laboratory, Trends in Atmospheric Carbon Dioxide Data (https://gml.noaa.gov/ccgg/trends/) and Dr. Ralph Keeling, Scripps Institution of Oceanography, Carbon Dioxide Measurements (https://scrippsco2.ucsd.edu/). Accessed on 2023-06-26.",ECCA,Atmospheric Carbon Dioxide Concentrations,"Environment, Climate Change, Climate Indicators, Atmospheric Carbon Dioxide Concentrations",1959M11,66.3019
30,World,,WLD,"Monthly Atmospheric Carbon Dioxide Concentrations, Year on Year Percentage Change",Percent,"Dr. Pieter Tans, National Oceanic and Atmospheric Administration (NOAA). Global Monitoring Laboratory, Trends in Atmospheric Carbon Dioxide Data (https://gml.noaa.gov/ccgg/trends/) and Dr. Ralph Keeling, Scripps Institution of Oceanography, Carbon Dioxide Measurements (https://scrippsco2.ucsd.edu/). Accessed on 2023-06-26.",ECCA,Atmospheric Carbon Dioxide Concentrations,"Environment, Climate Change, Climate Indicators, Atmospheric Carbon Dioxide Concentrations",1959M11,66.3066
31,World,,WLD,Monthly Atmospheric Carbon Dioxide Concentrations,Parts Per Million,"Dr. Pieter Tans, National Oceanic and Atmospheric Administration (NOAA). Global Monitoring Laboratory, Trends in Atmospheric Carbon Dioxide Data (https://gml.noaa.gov/ccgg/trends/) and Dr. Ralph Keeling, Scripps Institution of Oceanography, Carbon Dioxide Measurements (https://scrippsco2.ucsd.edu/). Accessed on 2023-06-26.",ECCA,Atmospheric Carbon Dioxide Concentrations,"Environment, Climate Change, Climate Indicators, Atmospheric Carbon Dioxide Concentrations",1959M12,69.4624
32,World,,WLD,"Monthly Atmospheric Carbon Dioxide Concentrations, Year on Year Percentage Change",Percent,"Dr. Pieter Tans, National Oceanic and Atmospheric Administration (NOAA). Global Monitoring Laboratory, Trends in Atmospheric Carbon Dioxide Data (https://gml.noaa.gov/ccgg/trends/) and Dr. Ralph Keeling, Scripps Institution of Oceanography, Carbon Dioxide Measurements (https://scrippsco2.ucsd.edu/). Accessed on 2023-06-26.",ECCA,Atmospheric Carbon Dioxide Concentrations,"Environment, Climate Change, Climate Indicators, Atmospheric Carbon Dioxide Concentrations",1959M12,69.46530000000001
33,World,,WLD,Monthly Atmospheric Carbon Dioxide Concentrations,Parts Per Million,"Dr. Pieter Tans, National Oceanic and Atmospheric Administration (NOAA). Global Monitoring Laboratory, Trends in Atmospheric Carbon Dioxide Data (https://gml.noaa.gov/ccgg/trends/) and Dr. Ralph Keeling, Scripps Institution of Oceanography, Carbon Dioxide Measurements (https://scrippsco2.ucsd.edu/). Accessed on 2023-06-26.",ECCA,Atmospheric Carbon Dioxide Concentrations,"Environment, Climate Change, Climate Indicators, Atmospheric Carbon Dioxide Concentrations",1960M01,72.62960000000001
34,World,,WLD,"Monthly Atmospheric Carbon Dioxide Concentrations, Year on Year Percentage Change",Percent,"Dr. Pieter Tans, National Oceanic and Atmospheric Administration (NOAA). Global Monitoring Laboratory, Trends in Atmospheric Carbon Dioxide Data (https://gml.noaa.gov/ccgg/trends/) and Dr. Ralph Keeling, Scripps Institution of Oceanography, Carbon Dioxide Measurements (https://scrippsco2.ucsd.edu/). Accessed on 2023-06-26.",ECCA,Atmospheric Carbon Dioxide Concentrations,"Environment, Climate Change, Climate Indicators, Atmospheric Carbon Dioxide Concentrations",1960M01,72.63230000000001
36,World,,WLD,"Monthly Atmospheric Carbon Dioxide Concentrations, Year on Year Percentage Change",Percent,"Dr. Pieter Tans, National Oceanic and Atmospheric Administration (NOAA). Global Monitoring Laboratory, Trends in Atmospheric Carbon Dioxide Data (https://gml.noaa.gov/ccgg/trends/) and Dr. Ralph Keeling, Scripps Institution of Oceanography, Carbon Dioxide Measurements (https://scrippsco2.ucsd.edu/). Accessed on 2023-06-26.",ECCA,Atmospheric Carbon Dioxide Concentrations,"Environment, Climate Change, Climate Indicators, Atmospheric Carbon Dioxide Concentrations",1960M02,72.63390000000001
35,World,,WLD,Monthly Atmospheric Carbon Dioxide Concentrations,Parts Per Million,"Dr. Pieter Tans, National Oceanic and Atmospheric Administration (NOAA). Global Monitoring Laboratory, Trends in Atmospheric Carbon Dioxide Data (https://gml.noaa.gov/ccgg/trends/) and Dr. Ralph Keeling, Scripps Institution of Oceanography, Carbon Dioxide Measurements (https://scrippsco2.ucsd.edu/). Accessed on 2023-06-26.",ECCA,Atmospheric Carbon Dioxide Concentrations,"Environment, Climate Change, Climate Indicators, Atmospheric Carbon Dioxide Concentrations",1960M02,75.8037
37,World,,WLD,Monthly Atmospheric Carbon Dioxide Concentrations,Parts Per Million,"Dr. Pieter Tans, National Oceanic and Atmospheric Administration (NOAA). Global Monitoring Laboratory, Trends in Atmospheric Carbon Dioxide Data (https://gml.noaa.gov/ccgg/trends/) and Dr. Ralph Keeling, Scripps Institution of Oceanography, Carbon Dioxide Measurements (https://scrippsco2.ucsd.edu/). Accessed on 2023-06-26.",ECCA,Atmospheric Carbon Dioxide Concentrations,"Environment, Climate Change, Climate Indicators, Atmospheric Carbon Dioxide Concentrations",1960M03,78.97950000000002
38,World,,WLD,"Monthly Atmospheric Carbon Dioxide Concentrations, Year on Year Percentage Change",Percent,"Dr. Pieter Tans, National Oceanic and Atmospheric Administration (NOAA). Global Monitoring Laboratory, Trends in Atmospheric Carbon Dioxide Data (https://gml.noaa.gov/ccgg/trends/) and Dr. Ralph Keeling, Scripps Institution of Oceanography, Carbon Dioxide Measurements (https://scrippsco2.ucsd.edu/). Accessed on 2023-06-26.",ECCA,Atmospheric Carbon Dioxide Concentrations,"Environment, Climate Change, Climate Indicators, Atmospheric Carbon Dioxide Concentrations",1960M03,78.98240000000001
39,World,,WLD,Monthly Atmospheric Carbon Dioxide Concentrations,Parts Per Million,"Dr. Pieter Tans, National Oceanic and Atmospheric Administration (NOAA). Global Monitoring Laboratory, Trends in Atmospheric Carbon Dioxide Data (https://gml.noaa.gov/ccgg/trends/) and Dr. Ralph Keeling, Scripps Institution of Oceanography, Carbon Dioxide Measurements (https://scrippsco2.ucsd.edu/). Accessed on 2023-06-26.",ECCA,Atmospheric Carbon Dioxide Concentrations,"Environment, Climate Change, Climate Indicators, Atmospheric Carbon Dioxide Concentrations",1960M04,82.1727
40,World,,WLD,"Monthly Atmospheric Carbon Dioxide Concentrations, Year on Year Percentage Change",Percent,"Dr. Pieter Tans, National Oceanic and Atmospheric Administration (NOAA). Global Monitoring Laboratory, Trends in Atmospheric Carbon Dioxide Data (https://gml.noaa.gov/ccgg/trends/) and Dr. Ralph Keeling, Scripps Institution of Oceanography, Carbon Dioxide Measurements (https://scrippsco2.ucsd.edu/). Accessed on 2023-06-26.",ECCA,Atmospheric Carbon Dioxide Concentrations,"Environment, Climate Change, Climate Indicators, Atmospheric Carbon Dioxide Concentrations",1960M04,82.1768
41,World,,WLD,Monthly Atmospheric Carbon Dioxide Concentrations,Parts Per Million,"Dr. Pieter Tans, National Oceanic and Atmospheric Administration (NOAA). Global Monitoring Laboratory, Trends in Atmospheric Carbon Dioxide Data (https://gml.noaa.gov/ccgg/trends/) and Dr. Ralph Keeling, Scripps Institution of Oceanography, Carbon Dioxide Measurements (https://scrippsco2.ucsd.edu/). Accessed on 2023-06-26.",ECCA,Atmospheric Carbon Dioxide Concentrations,"Environment, Climate Change, Climate Indicators, Atmospheric Carbon Dioxide Concentrations",1960M05,85.37720000000002
42,World,,WLD,"Monthly Atmospheric Carbon Dioxide Concentrations, Year on Year Percentage Change",Percent,"Dr. Pieter Tans, National Oceanic and Atmospheric Administration (NOAA). Global Monitoring Laboratory, Trends in Atmospheric Carbon Dioxide Data (https://gml.noaa.gov/ccgg/trends/) and Dr. Ralph Keeling, Scripps Institution of Oceanography, Carbon Dioxide Measurements (https://scrippsco2.ucsd.edu/). Accessed on 2023-06-26.",ECCA,Atmospheric Carbon Dioxide Concentrations,"Environment, Climate Change, Climate Indicators, Atmospheric Carbon Dioxide Concentrations",1960M05,85.3827
43,World,,WLD,Monthly Atmospheric Carbon Dioxide Concentrations,Parts Per Million,"Dr. Pieter Tans, National Oceanic and Atmospheric Administration (NOAA). Global Monitoring Laboratory, Trends in Atmospheric Carbon Dioxide Data (https://gml.noaa.gov/ccgg/trends/) and Dr. Ralph Keeling, Scripps Institution of Oceanography, Carbon Dioxide Measurements (https://scrippsco2.ucsd.edu/). Accessed on 2023-06-26.",ECCA,Atmospheric Carbon Dioxide Concentrations,"Environment, Climate Change, Climate Indicators, Atmospheric Carbon Dioxide Concentrations",1960M06,88.57860000000001
44,World,,WLD,"Monthly Atmospheric Carbon Dioxide Concentrations, Year on Year Percentage Change",Percent,"Dr. Pieter Tans, National Oceanic and Atmospheric Administration (NOAA). Global Monitoring Laboratory, Trends in Atmospheric Carbon Dioxide Data (https://gml.noaa.gov/ccgg/trends/) and Dr. Ralph Keeling, Scripps Institution of Oceanography, Carbon Dioxide Measurements (https://scrippsco2.ucsd.edu/). Accessed on 2023-06-26.",ECCA,Atmospheric Carbon Dioxide Concentrations,"Environment, Climate Change, Climate Indicators, Atmospheric Carbon Dioxide Concentrations",1960M06,88.58310000000002
45,World,,WLD,Monthly Atmospheric Carbon Dioxide Concentrations,Parts Per Million,"Dr. Pieter Tans, National Oceanic and Atmospheric Administration (NOAA). Global Monitoring Laboratory, Trends in Atmospheric Carbon Dioxide Data (https://gml.noaa.gov/ccgg/trends/) and Dr. Ralph Keeling, Scripps Institution of Oceanography, Carbon Dioxide Measurements (https://scrippsco2.ucsd.edu/). Accessed on 2023-06-26.",ECCA,Atmospheric Carbon Dioxide Concentrations,"Environment, Climate Change, Climate Indicators, Atmospheric Carbon Dioxide Concentrations",1960M07,91.76490000000001
46,World,,WLD,"Monthly Atmospheric Carbon Dioxide Concentrations, Year on Year Percentage Change",Percent,"Dr. Pieter Tans, National Oceanic and Atmospheric Administration (NOAA). Global Monitoring Laboratory, Trends in Atmospheric Carbon Dioxide Data (https://gml.noaa.gov/ccgg/trends/) and Dr. Ralph Keeling, Scripps Institution of Oceanography, Carbon Dioxide Measurements (https://scrippsco2.ucsd.edu/). Accessed on 2023-06-26.",ECCA,Atmospheric Carbon Dioxide Concentrations,"Environment, Climate Change, Climate Indicators, Atmospheric Carbon Dioxide Concentrations",1960M07,91.77010000000003
47,World,,WLD,Monthly Atmospheric Carbon Dioxide Concentrations,Parts Per Million,"Dr. Pieter Tans, National Oceanic and Atmospheric Administration (NOAA). Global Monitoring Laboratory, Trends in Atmospheric Carbon Dioxide Data (https://gml.noaa.gov/ccgg/trends/) and Dr. Ralph Keeling, Scripps Institution of Oceanography, Carbon Dioxide Measurements (https://scrippsco2.ucsd.edu/). Accessed on 2023-06-26.",ECCA,Atmospheric Carbon Dioxide Concentrations,"Environment, Climate Change, Climate Indicators, Atmospheric Carbon Dioxide Concentrations",1960M08,94.92910000000002
48,World,,WLD,"Monthly Atmospheric Carbon Dioxide Concentrations, Year on Year Percentage Change",Percent,"Dr. Pieter Tans, National Oceanic and Atmospheric Administration (NOAA). Global Monitoring Laboratory, Trends in Atmospheric Carbon Dioxide Data (https://gml.noaa.gov/ccgg/trends/) and Dr. Ralph Keeling, Scripps Institution of Oceanography, Carbon Dioxide Measurements (https://scrippsco2.ucsd.edu/). Accessed on 2023-06-26.",ECCA,Atmospheric Carbon Dioxide Concentrations,"Environment, Climate Change, Climate Indicators, Atmospheric Carbon Dioxide Concentrations",1960M08,94.93260000000002
50,World,,WLD,"Monthly Atmospheric Carbon Dioxide Concentrations, Year on Year Percentage Change",Percent,"Dr. Pieter Tans, National Oceanic and Atmospheric Administration (NOAA). Global Monitoring Laboratory, Trends in Atmospheric Carbon Dioxide Data (https://gml.noaa.gov/ccgg/trends/) and Dr. Ralph Keeling, Scripps Institution of Oceanography, Carbon Dioxide Measurements (https://scrippsco2.ucsd.edu/). Accessed on 2023-06-26.",ECCA,Atmospheric Carbon Dioxide Concentrations,"Environment, Climate Change, Climate Indicators, Atmospheric Carbon Dioxide Concentrations",1960M09,94.93370000000003
49,World,,WLD,Monthly Atmospheric Carbon Dioxide Concentrations,Parts Per Million,"Dr. Pieter Tans, National Oceanic and Atmospheric Administration (NOAA). Global Monitoring Laboratory, Trends in Atmospheric Carbon Dioxide Data (https://gml.noaa.gov/ccgg/trends/) and Dr. Ralph Keeling, Scripps Institution of Oceanography, Carbon Dioxide Measurements (https://scrippsco2.ucsd.edu/). Accessed on 2023-06-26.",ECCA,Atmospheric Carbon Dioxide Concentrations,"Environment, Climate Change, Climate Indicators, Atmospheric Carbon Dioxide Concentrations",1960M09,98.07540000000003
51,World,,WLD,Monthly Atmospheric Carbon Dioxide Concentrations,Parts Per Million,"Dr. Pieter Tans, National Oceanic and Atmospheric Administration (NOAA). Global Monitoring Laboratory, Trends in Atmospheric Carbon Dioxide Data (https://gml.noaa.gov/ccgg/trends/) and Dr. Ralph Keeling, Scripps Institution of Oceanography, Carbon Dioxide Measurements (https://scrippsco2.ucsd.edu/). Accessed on 2023-06-26.",ECCA,Atmospheric Carbon Dioxide Concentrations,"Environment, Climate Change, Climate Indicators, Atmospheric Carbon Dioxide Concentrations",1960M10,101.21370000000003
52,World,,WLD,"Monthly Atmospheric Carbon Dioxide Concentrations, Year on Year Percentage Change",Percent,"Dr. Pieter Tans, National Oceanic and Atmospheric Administration (NOAA). Global Monitoring Laboratory, Trends in Atmospheric Carbon Dioxide Data (https://gml.noaa.gov/ccgg/trends/) and Dr. Ralph Keeling, Scripps Institution of Oceanography, Carbon Dioxide Measurements (https://scrippsco2.ucsd.edu/). Accessed on 2023-06-26.",ECCA,Atmospheric Carbon Dioxide Concentrations,"Environment, Climate Change, Climate Indicators, Atmospheric Carbon Dioxide Concentrations",1960M10,101.21530000000003
53,World,,WLD,Monthly Atmospheric Carbon Dioxide Concentrations,Parts Per Million,"Dr. Pieter Tans, National Oceanic and Atmospheric Administration (NOAA). Global Monitoring Laboratory, Trends in Atmospheric Carbon Dioxide Data (https://gml.noaa.gov/ccgg/trends/) and Dr. Ralph Keeling, Scripps Institution of Oceanography, Carbon Dioxide Measurements (https://scrippsco2.ucsd.edu/). Accessed on 2023-06-26.",ECCA,Atmospheric Carbon Dioxide Concentrations,"Environment, Climate Change, Climate Indicators, Atmospheric Carbon Dioxide Concentrations",1960M11,104.36530000000003
54,World,,WLD,"Monthly Atmospheric Carbon Dioxide Concentrations, Year on Year Percentage Change",Percent,"Dr. Pieter Tans, National Oceanic and Atmospheric Administration (NOAA). Global Monitoring Laboratory, Trends in Atmospheric Carbon Dioxide Data (https://gml.noaa.gov/ccgg/trends/) and Dr. Ralph Keeling, Scripps Institution of Oceanography, Carbon Dioxide Measurements (https://scrippsco2.ucsd.edu/). Accessed on 2023-06-26.",ECCA,Atmospheric Carbon Dioxide Concentrations,"Environment, Climate Change, Climate Indicators, Atmospheric Carbon Dioxide Concentrations",1960M11,104.36590000000002
55,World,,WLD,Monthly Atmospheric Carbon Dioxide Concentrations,Parts Per Million,"Dr. Pieter Tans, National Oceanic and Atmospheric Administration (NOAA). Global Monitoring Laboratory, Trends in Atmospheric Carbon Dioxide Data (https://gml.noaa.gov/ccgg/trends/) and Dr. Ralph Keeling, Scripps Institution of Oceanography, Carbon Dioxide Measurements (https://scrippsco2.ucsd.edu/). Accessed on 2023-06-26.",ECCA,Atmospheric Carbon Dioxide Concentrations,"Environment, Climate Change, Climate Indicators, Atmospheric Carbon Dioxide Concentrations",1960M12,107.52780000000003
56,World,,WLD,"Monthly Atmospheric Carbon Dioxide Concentrations, Year on Year Percentage Change",Percent,"Dr. Pieter Tans, National Oceanic and Atmospheric Administration (NOAA). Global Monitoring Laboratory, Trends in Atmospheric Carbon Dioxide Data (https://gml.noaa.gov/ccgg/trends/) and Dr. Ralph Keeling, Scripps Institution of Oceanography, Carbon Dioxide Measurements (https://scrippsco2.ucsd.edu/). Accessed on 2023-06-26.",ECCA,Atmospheric Carbon Dioxide Concentrations,"Environment, Climate Change, Climate Indicators, Atmospheric Carbon Dioxide Concentrations",1960M12,107.52970000000003
57,World,,WLD,Monthly Atmospheric Carbon Dioxide Concentrations,Parts Per Million,"Dr. Pieter Tans, National Oceanic and Atmospheric Administration (NOAA). Global Monitoring Laboratory, Trends in Atmospheric Carbon Dioxide Data (https://gml.noaa.gov/ccgg/trends/) and Dr. Ralph Keeling, Scripps Institution of Oceanography, Carbon Dioxide Measurements (https://scrippsco2.ucsd.edu/). Accessed on 2023-06-26.",ECCA,Atmospheric Carbon Dioxide Concentrations,"Environment, Climate Change, Climate Indicators, Atmospheric Carbon Dioxide Concentrations",1961M01,110.69860000000003
58,World,,WLD,"Monthly Atmospheric Carbon Dioxide Concentrations, Year on Year Percentage Change",Percent,"Dr. Pieter Tans, National Oceanic and Atmospheric Administration (NOAA). Global Monitoring Laboratory, Trends in Atmospheric Carbon Dioxide Data (https://gml.noaa.gov/ccgg/trends/) and Dr. Ralph Keeling, Scripps Institution of Oceanography, Carbon Dioxide Measurements (https://scrippsco2.ucsd.edu/). Accessed on 2023-06-26.",ECCA,Atmospheric Carbon Dioxide Concentrations,"Environment, Climate Change, Climate Indicators, Atmospheric Carbon Dioxide Concentrations",1961M01,110.70010000000002
59,World,,WLD,Monthly Atmospheric Carbon Dioxide Concentrations,Parts Per Million,"Dr. Pieter Tans, National Oceanic and Atmospheric Administration (NOAA). Global Monitoring Laboratory, Trends in Atmospheric Carbon Dioxide Data (https://gml.noaa.gov/ccgg/trends/) and Dr. Ralph Keeling, Scripps Institution of Oceanography, Carbon Dioxide Measurements (https://scrippsco2.ucsd.edu/). Accessed on 2023-06-26.",ECCA,Atmospheric Carbon Dioxide Concentrations,"Environment, Climate Change, Climate Indicators, Atmospheric Carbon Dioxide Concentrations",1961M02,113.87710000000003
60,World,,WLD,"Monthly Atmospheric Carbon Dioxide Concentrations, Year on Year Percentage Change",Percent,"Dr. Pieter Tans, National Oceanic and Atmospheric Administration (NOAA). Global Monitoring Laboratory, Trends in Atmospheric Carbon Dioxide Data (https://gml.noaa.gov/ccgg/trends/) and Dr. Ralph Keeling, Scripps Institution of Oceanography, Carbon Dioxide Measurements (https://scrippsco2.ucsd.edu/). Accessed on 2023-06-26.",ECCA,Atmospheric Carbon Dioxide Concentrations,"Environment, Climate Change, Climate Indicators, Atmospheric Carbon Dioxide Concentrations",1961M02,113.87940000000003
62,World,,WLD,"Monthly Atmospheric Carbon Dioxide Concentrations, Year on Year Percentage Change",Percent,"Dr. Pieter Tans, National Oceanic and Atmospheric Administration (NOAA). Global Monitoring Laboratory, Trends in Atmospheric Carbon Dioxide Data (https://gml.noaa.gov/ccgg/trends/) and Dr. Ralph Keeling, Scripps Institution of Oceanography, Carbon Dioxide Measurements (https://scrippsco2.ucsd.edu/). Accessed on 2023-06-26.",ECCA,Atmospheric Carbon Dioxide Concentrations,"Environment, Climate Change, Climate Indicators, Atmospheric Carbon Dioxide Concentrations",1961M03,113.88240000000002
61,World,,WLD,Monthly Atmospheric Carbon Dioxide Concentrations,Parts Per Million,"Dr. Pieter Tans, National Oceanic and Atmospheric Administration (NOAA). Global Monitoring Laboratory, Trends in Atmospheric Carbon Dioxide Data (https://gml.noaa.gov/ccgg/trends/) and Dr. Ralph Keeling, Scripps Institution of Oceanography, Carbon Dioxide Measurements (https://scrippsco2.ucsd.edu/). Accessed on 2023-06-26.",ECCA,Atmospheric Carbon Dioxide Concentrations,"Environment, Climate Change, Climate Indicators, Atmospheric Carbon Dioxide Concentrations",1961M03,117.06780000000003
63,World,,WLD,Monthly Atmospheric Carbon Dioxide Concentrations,Parts Per Million,"Dr. Pieter Tans, National Oceanic and Atmospheric Administration (NOAA). Global Monitoring Laboratory, Trends in Atmospheric Carbon Dioxide Data (https://gml.noaa.gov/ccgg/trends/) and Dr. Ralph Keeling, Scripps Institution of Oceanography, Carbon Dioxide Measurements (https://scrippsco2.ucsd.edu/). Accessed on 2023-06-26.",ECCA,Atmospheric Carbon Dioxide Concentrations,"Environment, Climate Change, Climate Indicators, Atmospheric Carbon Dioxide Concentrations",1961M04,120.26260000000002
64,World,,WLD,"Monthly Atmospheric Carbon Dioxide Concentrations, Year on Year Percentage Change",Percent,"Dr. Pieter Tans, National Oceanic and Atmospheric Administration (NOAA). Global Monitoring Laboratory, Trends in Atmospheric Carbon Dioxide Data (https://gml.noaa.gov/ccgg/trends/) and Dr. Ralph Keeling, Scripps Institution of Oceanography, Carbon Dioxide Measurements (https://scrippsco2.ucsd.edu/). Accessed on 2023-06-26.",ECCA,Atmospheric Carbon Dioxide Concentrations,"Environment, Climate Change, Climate Indicators, Atmospheric Carbon Dioxide Concentrations",1961M04,120.26400000000001
65,World,,WLD,Monthly Atmospheric Carbon Dioxide Concentrations,Parts Per Million,"Dr. Pieter Tans, National Oceanic and Atmospheric Administration (NOAA). Global Monitoring Laboratory, Trends in Atmospheric Carbon Dioxide Data (https://gml.noaa.gov/ccgg/trends/) and Dr. Ralph Keeling, Scripps Institution of Oceanography, Carbon Dioxide Measurements (https://scrippsco2.ucsd.edu/). Accessed on 2023-06-26.",ECCA,Atmospheric Carbon Dioxide Concentrations,"Environment, Climate Change, Climate Indicators, Atmospheric Carbon Dioxide Concentrations",1961M05,123.46980000000002
66,World,,WLD,"Monthly Atmospheric Carbon Dioxide Concentrations, Year on Year Percentage Change",Percent,"Dr. Pieter Tans, National Oceanic and Atmospheric Administration (NOAA). Global Monitoring Laboratory, Trends in Atmospheric Carbon Dioxide Data (https://gml.noaa.gov/ccgg/trends/) and Dr. Ralph Keeling, Scripps Institution of Oceanography, Carbon Dioxide Measurements (https://scrippsco2.ucsd.edu/). Accessed on 2023-06-26.",ECCA,Atmospheric Carbon Dioxide Concentrations,"Environment, Climate Change, Climate Indicators, Atmospheric Carbon Dioxide Concentrations",1961M05,123.47150000000002
67,World,,WLD,Monthly Atmospheric Carbon Dioxide Concentrations,Parts Per Million,"Dr. Pieter Tans, National Oceanic and Atmospheric Administration (NOAA). Global Monitoring Laboratory, Trends in Atmospheric Carbon Dioxide Data (https://gml.noaa.gov/ccgg/trends/) and Dr. Ralph Keeling, Scripps Institution of Oceanography, Carbon Dioxide Measurements (https://scrippsco2.ucsd.edu/). Accessed on 2023-06-26.",ECCA,Atmospheric Carbon Dioxide Concentrations,"Environment, Climate Change, Climate Indicators, Atmospheric Carbon Dioxide Concentrations",1961M06,126.66920000000002
68,World,,WLD,"Monthly Atmospheric Carbon Dioxide Concentrations, Year on Year Percentage Change",Percent,"Dr. Pieter Tans, National Oceanic and Atmospheric Administration (NOAA). Global Monitoring Laboratory, Trends in Atmospheric Carbon Dioxide Data (https://gml.noaa.gov/ccgg/trends/) and Dr. Ralph Keeling, Scripps Institution of Oceanography, Carbon Dioxide Measurements (https://scrippsco2.ucsd.edu/). Accessed on 2023-06-26.",ECCA,Atmospheric Carbon Dioxide Concentrations,"Environment, Climate Change, Climate Indicators, Atmospheric Carbon Dioxide Concentrations",1961M06,126.66980000000002
69,World,,WLD,Monthly Atmospheric Carbon Dioxide Concentrations,Parts Per Million,"Dr. Pieter Tans, National Oceanic and Atmospheric Administration (NOAA). Global Monitoring Laboratory, Trends in Atmospheric Carbon Dioxide Data (https://gml.noaa.gov/ccgg/trends/) and Dr. Ralph Keeling, Scripps Institution of Oceanography, Carbon Dioxide Measurements (https://scrippsco2.ucsd.edu/). Accessed on 2023-06-26.",ECCA,Atmospheric Carbon Dioxide Concentrations,"Environment, Climate Change, Climate Indicators, Atmospheric Carbon Dioxide Concentrations",1961M07,129.8555
70,World,,WLD,"Monthly Atmospheric Carbon Dioxide Concentrations, Year on Year Percentage Change",Percent,"Dr. Pieter Tans, National Oceanic and Atmospheric Administration (NOAA). Global Monitoring Laboratory, Trends in Atmospheric Carbon Dioxide Data (https://gml.noaa.gov/ccgg/trends/) and Dr. Ralph Keeling, Scripps Institution of Oceanography, Carbon Dioxide Measurements (https://scrippsco2.ucsd.edu/). Accessed on 2023-06-26.",ECCA,Atmospheric Carbon Dioxide Concentrations,"Environment, Climate Change, Climate Indicators, Atmospheric Carbon Dioxide Concentrations",1961M07,129.85670000000002
71,World,,WLD,Monthly Atmospheric Carbon Dioxide Concentrations,Parts Per Million,"Dr. Pieter Tans, National Oceanic and Atmospheric Administration (NOAA). Global Monitoring Laboratory, Trends in Atmospheric Carbon Dioxide Data (https://gml.noaa.gov/ccgg/trends/) and Dr. Ralph Keeling, Scripps Institution of Oceanography, Carbon Dioxide Measurements (https://scrippsco2.ucsd.edu/). Accessed on 2023-06-26.",ECCA,Atmospheric Carbon Dioxide Concentrations,"Environment, Climate Change, Climate Indicators, Atmospheric Carbon Dioxide Concentrations",1961M08,133.02460000000002
72,World,,WLD,"Monthly Atmospheric Carbon Dioxide Concentrations, Year on Year Percentage Change",Percent,"Dr. Pieter Tans, National Oceanic and Atmospheric Administration (NOAA). Global Monitoring Laboratory, Trends in Atmospheric Carbon Dioxide Data (https://gml.noaa.gov/ccgg/trends/) and Dr. Ralph Keeling, Scripps Institution of Oceanography, Carbon Dioxide Measurements (https://scrippsco2.ucsd.edu/). Accessed on 2023-06-26.",ECCA,Atmospheric Carbon Dioxide Concentrations,"Environment, Climate Change, Climate Indicators, Atmospheric Carbon Dioxide Concentrations",1961M08,133.02740000000003
73,World,,WLD,Monthly Atmospheric Carbon Dioxide Concentrations,Parts Per Million,"Dr. Pieter Tans, National Oceanic and Atmospheric Administration (NOAA). Global Monitoring Laboratory, Trends in Atmospheric Carbon Dioxide Data (https://gml.noaa.gov/ccgg/trends/) and Dr. Ralph Keeling, Scripps Institution of Oceanography, Carbon Dioxide Measurements (https://scrippsco2.ucsd.edu/). Accessed on 2023-06-26.",ECCA,Atmospheric Carbon Dioxide Concentrations,"Environment, Climate Change, Climate Indicators, Atmospheric Carbon Dioxide Concentrations",1961M09,136.17730000000003
74,World,,WLD,"Monthly Atmospheric Carbon Dioxide Concentrations, Year on Year Percentage Change",Percent,"Dr. Pieter Tans, National Oceanic and Atmospheric Administration (NOAA). Global Monitoring Laboratory, Trends in Atmospheric Carbon Dioxide Data (https://gml.noaa.gov/ccgg/trends/) and Dr. Ralph Keeling, Scripps Institution of Oceanography, Carbon Dioxide Measurements (https://scrippsco2.ucsd.edu/). Accessed on 2023-06-26.",ECCA,Atmospheric Carbon Dioxide Concentrations,"Environment, Climate Change, Climate Indicators, Atmospheric Carbon Dioxide Concentrations",1961M09,136.17990000000003
76,World,,WLD,"Monthly Atmospheric Carbon Dioxide Concentrations, Year on Year Percentage Change",Percent,"Dr. Pieter Tans, National Oceanic and Atmospheric Administration (NOAA). Global Monitoring Laboratory, Trends in Atmospheric Carbon Dioxide Data (https://gml.noaa.gov/ccgg/trends/) and Dr. Ralph Keeling, Scripps Institution of Oceanography, Carbon Dioxide Measurements (https://scrippsco2.ucsd.edu/). Accessed on 2023-06-26.",ECCA,Atmospheric Carbon Dioxide Concentrations,"Environment, Climate Change, Climate Indicators, Atmospheric Carbon Dioxide Concentrations",1961M10,136.18460000000002
75,World,,WLD,Monthly Atmospheric Carbon Dioxide Concentrations,Parts Per Million,"Dr. Pieter Tans, National Oceanic and Atmospheric Administration (NOAA). Global Monitoring Laboratory, Trends in Atmospheric Carbon Dioxide Data (https://gml.noaa.gov/ccgg/trends/) and Dr. Ralph Keeling, Scripps Institution of Oceanography, Carbon Dioxide Measurements (https://scrippsco2.ucsd.edu/). Accessed on 2023-06-26.",ECCA,Atmospheric Carbon Dioxide Concentrations,"Environment, Climate Change, Climate Indicators, Atmospheric Carbon Dioxide Concentrations",1961M10,139.3377
77,World,,WLD,Monthly Atmospheric Carbon Dioxide Concentrations,Parts Per Million,"Dr. Pieter Tans, National Oceanic and Atmospheric Administration (NOAA). Global Monitoring Laboratory, Trends in Atmospheric Carbon Dioxide Data (https://gml.noaa.gov/ccgg/trends/) and Dr. Ralph Keeling, Scripps Institution of Oceanography, Carbon Dioxide Measurements (https://scrippsco2.ucsd.edu/). Accessed on 2023-06-26.",ECCA,Atmospheric Carbon Dioxide Concentrations,"Environment, Climate Change, Climate Indicators, Atmospheric Carbon Dioxide Concentrations",1961M11,142.49870000000004
78,World,,WLD,"Monthly Atmospheric Carbon Dioxide Concentrations, Year on Year Percentage Change",Percent,"Dr. Pieter Tans, National Oceanic and Atmospheric Administration (NOAA). Global Monitoring Laboratory, Trends in Atmospheric Carbon Dioxide Data (https://gml.noaa.gov/ccgg/trends/) and Dr. Ralph Keeling, Scripps Institution of Oceanography, Carbon Dioxide Measurements (https://scrippsco2.ucsd.edu/). Accessed on 2023-06-26.",ECCA,Atmospheric Carbon Dioxide Concentrations,"Environment, Climate Change, Climate Indicators, Atmospheric Carbon Dioxide Concentrations",1961M11,142.50220000000004
79,World,,WLD,Monthly Atmospheric Carbon Dioxide Concentrations,Parts Per Million,"Dr. Pieter Tans, National Oceanic and Atmospheric Administration (NOAA). Global Monitoring Laboratory, Trends in Atmospheric Carbon Dioxide Data (https://gml.noaa.gov/ccgg/trends/) and Dr. Ralph Keeling, Scripps Institution of Oceanography, Carbon Dioxide Measurements (https://scrippsco2.ucsd.edu/). Accessed on 2023-06-26.",ECCA,Atmospheric Carbon Dioxide Concentrations,"Environment, Climate Change, Climate Indicators, Atmospheric Carbon Dioxide Concentrations",1961M12,145.67230000000004
80,World,,WLD,"Monthly Atmospheric Carbon Dioxide Concentrations, Year on Year Percentage Change",Percent,"Dr. Pieter Tans, National Oceanic and Atmospheric Administration (NOAA). Global Monitoring Laboratory, Trends in Atmospheric Carbon Dioxide Data (https://gml.noaa.gov/ccgg/trends/) and Dr. Ralph Keeling, Scripps Institution of Oceanography, Carbon Dioxide Measurements (https://scrippsco2.ucsd.edu/). Accessed on 2023-06-26.",ECCA,Atmospheric Carbon Dioxide Concentrations,"Environment, Climate Change, Climate Indicators, Atmospheric Carbon Dioxide Concentrations",1961M12,145.67490000000004
81,World,,WLD,Monthly Atmospheric Carbon Dioxide Concentrations,Parts Per Million,"Dr. Pieter Tans, National Oceanic and Atmospheric Administration (NOAA). Global Monitoring Laboratory, Trends in Atmospheric Carbon Dioxide Data (https://gml.noaa.gov/ccgg/trends/) and Dr. Ralph Keeling, Scripps Institution of Oceanography, Carbon Dioxide Measurements (https://scrippsco2.ucsd.edu/). Accessed on 2023-06-26.",ECCA,Atmospheric Carbon Dioxide Concentrations,"Environment, Climate Change, Climate Indicators, Atmospheric Carbon Dioxide Concentrations",1962M01,148.85430000000005
82,World,,WLD,"Monthly Atmospheric Carbon Dioxide Concentrations, Year on Year Percentage Change",Percent,"Dr. Pieter Tans, National Oceanic and Atmospheric Administration (NOAA). Global Monitoring Laboratory, Trends in Atmospheric Carbon Dioxide Data (https://gml.noaa.gov/ccgg/trends/) and Dr. Ralph Keeling, Scripps Institution of Oceanography, Carbon Dioxide Measurements (https://scrippsco2.ucsd.edu/). Accessed on 2023-06-26.",ECCA,Atmospheric Carbon Dioxide Concentrations,"Environment, Climate Change, Climate Indicators, Atmospheric Carbon Dioxide Concentrations",1962M01,148.85760000000005
83,World,,WLD,Monthly Atmospheric Carbon Dioxide Concentrations,Parts Per Million,"Dr. Pieter Tans, National Oceanic and Atmospheric Administration (NOAA). Global Monitoring Laboratory, Trends in Atmospheric Carbon Dioxide Data (https://gml.noaa.gov/ccgg/trends/) and Dr. Ralph Keeling, Scripps Institution of Oceanography, Carbon Dioxide Measurements (https://scrippsco2.ucsd.edu/). Accessed on 2023-06-26.",ECCA,Atmospheric Carbon Dioxide Concentrations,"Environment, Climate Change, Climate Indicators, Atmospheric Carbon Dioxide Concentrations",1962M02,152.04310000000004
84,World,,WLD,"Monthly Atmospheric Carbon Dioxide Concentrations, Year on Year Percentage Change",Percent,"Dr. Pieter Tans, National Oceanic and Atmospheric Administration (NOAA). Global Monitoring Laboratory, Trends in Atmospheric Carbon Dioxide Data (https://gml.noaa.gov/ccgg/trends/) and Dr. Ralph Keeling, Scripps Institution of Oceanography, Carbon Dioxide Measurements (https://scrippsco2.ucsd.edu/). Accessed on 2023-06-26.",ECCA,Atmospheric Carbon Dioxide Concentrations,"Environment, Climate Change, Climate Indicators, Atmospheric Carbon Dioxide Concentrations",1962M02,152.04580000000004
85,World,,WLD,Monthly Atmospheric Carbon Dioxide Concentrations,Parts Per Million,"Dr. Pieter Tans, National Oceanic and Atmospheric Administration (NOAA). Global Monitoring Laboratory, Trends in Atmospheric Carbon Dioxide Data (https://gml.noaa.gov/ccgg/trends/) and Dr. Ralph Keeling, Scripps Institution of Oceanography, Carbon Dioxide Measurements (https://scrippsco2.ucsd.edu/). Accessed on 2023-06-26.",ECCA,Atmospheric Carbon Dioxide Concentrations,"Environment, Climate Change, Climate Indicators, Atmospheric Carbon Dioxide Concentrations",1962M03,155.24260000000004
86,World,,WLD,"Monthly Atmospheric Carbon Dioxide Concentrations, Year on Year Percentage Change",Percent,"Dr. Pieter Tans, National Oceanic and Atmospheric Administration (NOAA). Global Monitoring Laboratory, Trends in Atmospheric Carbon Dioxide Data (https://gml.noaa.gov/ccgg/trends/) and Dr. Ralph Keeling, Scripps Institution of Oceanography, Carbon Dioxide Measurements (https://scrippsco2.ucsd.edu/). Accessed on 2023-06-26.",ECCA,Atmospheric Carbon Dioxide Concentrations,"Environment, Climate Change, Climate Indicators, Atmospheric Carbon Dioxide Concentrations",1962M03,155.24620000000004
88,World,,WLD,"Monthly Atmospheric Carbon Dioxide Concentrations, Year on Year Percentage Change",Percent,"Dr. Pieter Tans, National Oceanic and Atmospheric Administration (NOAA). Global Monitoring Laboratory, Trends in Atmospheric Carbon Dioxide Data (https://gml.noaa.gov/ccgg/trends/) and Dr. Ralph Keeling, Scripps Institution of Oceanography, Carbon Dioxide Measurements (https://scrippsco2.ucsd.edu/). Accessed on 2023-06-26.",ECCA,Atmospheric Carbon Dioxide Concentrations,"Environment, Climate Change, Climate Indicators, Atmospheric Carbon Dioxide Concentrations",1962M04,155.24960000000004
87,World,,WLD,Monthly Atmospheric Carbon Dioxide Concentrations,Parts Per Million,"Dr. Pieter Tans, National Oceanic and Atmospheric Administration (NOAA). Global Monitoring Laboratory, Trends in Atmospheric Carbon Dioxide Data (https://gml.noaa.gov/ccgg/trends/) and Dr. Ralph Keeling, Scripps Institution of Oceanography, Carbon Dioxide Measurements (https://scrippsco2.ucsd.edu/). Accessed on 2023-06-26.",ECCA,Atmospheric Carbon Dioxide Concentrations,"Environment, Climate Change, Climate Indicators, Atmospheric Carbon Dioxide Concentrations",1962M04,158.45530000000005
89,World,,WLD,Monthly Atmospheric Carbon Dioxide Concentrations,Parts Per Million,"Dr. Pieter Tans, National Oceanic and Atmospheric Administration (NOAA). Global Monitoring Laboratory, Trends in Atmospheric Carbon Dioxide Data (https://gml.noaa.gov/ccgg/trends/) and Dr. Ralph Keeling, Scripps Institution of Oceanography, Carbon Dioxide Measurements (https://scrippsco2.ucsd.edu/). Accessed on 2023-06-26.",ECCA,Atmospheric Carbon Dioxide Concentrations,"Environment, Climate Change, Climate Indicators, Atmospheric Carbon Dioxide Concentrations",1962M05,161.66550000000004
90,World,,WLD,"Monthly Atmospheric Carbon Dioxide Concentrations, Year on Year Percentage Change",Percent,"Dr. Pieter Tans, National Oceanic and Atmospheric Administration (NOAA). Global Monitoring Laboratory, Trends in Atmospheric Carbon Dioxide Data (https://gml.noaa.gov/ccgg/trends/) and Dr. Ralph Keeling, Scripps Institution of Oceanography, Carbon Dioxide Measurements (https://scrippsco2.ucsd.edu/). Accessed on 2023-06-26.",ECCA,Atmospheric Carbon Dioxide Concentrations,"Environment, Climate Change, Climate Indicators, Atmospheric Carbon Dioxide Concentrations",1962M05,161.66690000000006
91,World,,WLD,Monthly Atmospheric Carbon Dioxide Concentrations,Parts Per Million,"Dr. Pieter Tans, National Oceanic and Atmospheric Administration (NOAA). Global Monitoring Laboratory, Trends in Atmospheric Carbon Dioxide Data (https://gml.noaa.gov/ccgg/trends/) and Dr. Ralph Keeling, Scripps Institution of Oceanography, Carbon Dioxide Measurements (https://scrippsco2.ucsd.edu/). Accessed on 2023-06-26.",ECCA,Atmospheric Carbon Dioxide Concentrations,"Environment, Climate Change, Climate Indicators, Atmospheric Carbon Dioxide Concentrations",1962M06,164.87310000000005
92,World,,WLD,"Monthly Atmospheric Carbon Dioxide Concentrations, Year on Year Percentage Change",Percent,"Dr. Pieter Tans, National Oceanic and Atmospheric Administration (NOAA). Global Monitoring Laboratory, Trends in Atmospheric Carbon Dioxide Data (https://gml.noaa.gov/ccgg/trends/) and Dr. Ralph Keeling, Scripps Institution of Oceanography, Carbon Dioxide Measurements (https://scrippsco2.ucsd.edu/). Accessed on 2023-06-26.",ECCA,Atmospheric Carbon Dioxide Concentrations,"Environment, Climate Change, Climate Indicators, Atmospheric Carbon Dioxide Concentrations",1962M06,164.87580000000005
93,World,,WLD,Monthly Atmospheric Carbon Dioxide Concentrations,Parts Per Million,"Dr. Pieter Tans, National Oceanic and Atmospheric Administration (NOAA). Global Monitoring Laboratory, Trends in Atmospheric Carbon Dioxide Data (https://gml.noaa.gov/ccgg/trends/) and Dr. Ralph Keeling, Scripps Institution of Oceanography, Carbon Dioxide Measurements (https://scrippsco2.ucsd.edu/). Accessed on 2023-06-26.",ECCA,Atmospheric Carbon Dioxide Concentrations,"Environment, Climate Change, Climate Indicators, Atmospheric Carbon Dioxide Concentrations",1962M07,168.07190000000006
94,World,,WLD,"Monthly Atmospheric Carbon Dioxide Concentrations, Year on Year Percentage Change",Percent,"Dr. Pieter Tans, National Oceanic and Atmospheric Administration (NOAA). Global Monitoring Laboratory, Trends in Atmospheric Carbon Dioxide Data (https://gml.noaa.gov/ccgg/trends/) and Dr. Ralph Keeling, Scripps Institution of Oceanography, Carbon Dioxide Measurements (https://scrippsco2.ucsd.edu/). Accessed on 2023-06-26.",ECCA,Atmospheric Carbon Dioxide Concentrations,"Environment, Climate Change, Climate Indicators, Atmospheric Carbon Dioxide Concentrations",1962M07,168.07520000000008
95,World,,WLD,Monthly Atmospheric Carbon Dioxide Concentrations,Parts Per Million,"Dr. Pieter Tans, National Oceanic and Atmospheric Administration (NOAA). Global Monitoring Laboratory, Trends in Atmospheric Carbon Dioxide Data (https://gml.noaa.gov/ccgg/trends/) and Dr. Ralph Keeling, Scripps Institution of Oceanography, Carbon Dioxide Measurements (https://scrippsco2.ucsd.edu/). Accessed on 2023-06-26.",ECCA,Atmospheric Carbon Dioxide Concentrations,"Environment, Climate Change, Climate Indicators, Atmospheric Carbon Dioxide Concentrations",1962M08,171.2492000000001
96,World,,WLD,"Monthly Atmospheric Carbon Dioxide Concentrations, Year on Year Percentage Change",Percent,"Dr. Pieter Tans, National Oceanic and Atmospheric Administration (NOAA). Global Monitoring Laboratory, Trends in Atmospheric Carbon Dioxide Data (https://gml.noaa.gov/ccgg/trends/) and Dr. Ralph Keeling, Scripps Institution of Oceanography, Carbon Dioxide Measurements (https://scrippsco2.ucsd.edu/). Accessed on 2023-06-26.",ECCA,Atmospheric Carbon Dioxide Concentrations,"Environment, Climate Change, Climate Indicators, Atmospheric Carbon Dioxide Concentrations",1962M08,171.2511000000001
97,World,,WLD,Monthly Atmospheric Carbon Dioxide Concentrations,Parts Per Million,"Dr. Pieter Tans, National Oceanic and Atmospheric Administration (NOAA). Global Monitoring Laboratory, Trends in Atmospheric Carbon Dioxide Data (https://gml.noaa.gov/ccgg/trends/) and Dr. Ralph Keeling, Scripps Institution of Oceanography, Carbon Dioxide Measurements (https://scrippsco2.ucsd.edu/). Accessed on 2023-06-26.",ECCA,Atmospheric Carbon Dioxide Concentrations,"Environment, Climate Change, Climate Indicators, Atmospheric Carbon Dioxide Concentrations",1962M09,174.4136000000001
98,World,,WLD,"Monthly Atmospheric Carbon Dioxide Concentrations, Year on Year Percentage Change",Percent,"Dr. Pieter Tans, National Oceanic and Atmospheric Administration (NOAA). Global Monitoring Laboratory, Trends in Atmospheric Carbon Dioxide Data (https://gml.noaa.gov/ccgg/trends/) and Dr. Ralph Keeling, Scripps Institution of Oceanography, Carbon Dioxide Measurements (https://scrippsco2.ucsd.edu/). Accessed on 2023-06-26.",ECCA,Atmospheric Carbon Dioxide Concentrations,"Environment, Climate Change, Climate Indicators, Atmospheric Carbon Dioxide Concentrations",1962M09,174.4176000000001
99,World,,WLD,Monthly Atmospheric Carbon Dioxide Concentrations,Parts Per Million,"Dr. Pieter Tans, National Oceanic and Atmospheric Administration (NOAA). Global Monitoring Laboratory, Trends in Atmospheric Carbon Dioxide Data (https://gml.noaa.gov/ccgg/trends/) and Dr. Ralph Keeling, Scripps Institution of Oceanography, Carbon Dioxide Measurements (https://scrippsco2.ucsd.edu/). Accessed on 2023-06-26.",ECCA,Atmospheric Carbon Dioxide Concentrations,"Environment, Climate Change, Climate Indicators, Atmospheric Carbon Dioxide Concentrations",1962M10,177.57180000000008
100,World,,WLD,"Monthly Atmospheric Carbon Dioxide Concentrations, Year on Year Percentage Change",Percent,"Dr. Pieter Tans, National Oceanic and Atmospheric Administration (NOAA). Global Monitoring Laboratory, Trends in Atmospheric Carbon Dioxide Data (https://gml.noaa.gov/ccgg/trends/) and Dr. Ralph Keeling, Scripps Institution of Oceanography, Carbon Dioxide Measurements (https://scrippsco2.ucsd.edu/). Accessed on 2023-06-26.",ECCA,Atmospheric Carbon Dioxide Concentrations,"Environment, Climate Change, Climate Indicators, Atmospheric Carbon Dioxide Concentrations",1962M10,177.57210000000006
